Name,Email,Company,Last Activity,Page Views,Sessions,Purchases,Plan,Feature Used
Sravanakumar Sathish,sathishsravanakumar@gmail.com,TruBot AI,2026-04-14,150,45,6,pro,AI Campaign Builder
Gabriel Allen,gabriel.allen@smartbizsolutions.com,SmartBiz Solutions,2026-04-11,55,23,0,free,Reports
Caleb Young,caleb.young@summitdigital.com,Summit Digital,2026-03-06,10,4,0,starter,CRM Contacts
Scarlett Johnson,scarlett.johnson@cloudpeak.com,CloudPeak,2026-02-03,21,8,0,free,Reports
Charlotte Green,charlotte.green@digitalfirstco.com,DigitalFirst Co,2025-06-20,7,0,1,starter,Smart Segments
Scarlett Hernandez,scarlett.hernandez@digitalfirstco.com,DigitalFirst Co,2026-01-18,7,6,1,free,CRM Contacts
Liam Taylor,liam.taylor@pulsepoint.com,PulsePoint,2026-04-09,78,21,0,enterprise,Smart Segments
Daniel Yamamoto,daniel.yamamoto@smartbizsolutions.com,SmartBiz Solutions,2026-03-26,33,5,1,starter,Integrations
Emily Roberts,emily.roberts@smartbizsolutions.com,SmartBiz Solutions,2026-03-11,16,4,1,free,Automation Rules
Sana Thomas,sana.thomas@brightpath.com,Brightpath,2025-07-11,2,5,0,free,Campaign Builder
Ethan Martin,ethan.martin@innovatecorp.com,InnovateCorp,2025-08-27,10,5,1,free,Analytics Dashboard
Yuki Johnson,yuki.johnson@coremetrics.com,CoreMetrics,2026-04-13,92,29,5,pro,Email Templates
Ivan Chen,ivan.chen@primescale.com,PrimeScale,2025-09-18,12,5,1,free,Email Templates
Mia Brown,mia.brown@alphaflow.com,AlphaFlow,2026-04-08,59,24,2,starter,Integrations
Sofia Lopez,sofia.lopez@techstartinc.com,TechStart Inc,2026-04-09,59,18,4,starter,Email Templates
Jayden Ivanov,jayden.ivanov@catalysthq.com,Catalyst HQ,2025-09-07,3,1,1,free,A/B Testing
Isabella Singh,isabella.singh@swiftops.com,SwiftOps,2026-03-10,3,3,1,free,Automation Rules
Penelope Anderson,penelope.anderson@catalysthq.com,Catalyst HQ,2025-12-14,11,3,1,free,Integrations
Emily Hill,emily.hill@pulsepoint.com,PulsePoint,2026-03-18,61,20,0,pro,Smart Segments
Leo Perez,leo.perez@meridianlabs.com,Meridian Labs,2026-02-06,4,7,0,free,AI Assistant
Sana Chen,sana.chen@smartbizsolutions.com,SmartBiz Solutions,2026-03-19,51,22,3,starter,Email Templates
Riley Torres,riley.torres@blueskyanalytics.com,BlueSky Analytics,2026-04-15,73,23,4,pro,Reports
Liam Garcia,liam.garcia@alphaflow.com,AlphaFlow,2025-07-30,11,0,1,starter,AI Assistant
Katya Williams,katya.williams@techstartinc.com,TechStart Inc,2026-02-02,14,5,0,starter,A/B Testing
Penelope White,penelope.white@smartbizsolutions.com,SmartBiz Solutions,2026-04-04,68,22,3,starter,Automation Rules
Jayden Williams,jayden.williams@coremetrics.com,CoreMetrics,2026-03-01,14,5,1,free,Reports
Avery Baker,avery.baker@pulsepoint.com,PulsePoint,2026-04-11,126,29,9,pro,Email Templates
Emma Petrov,emma.petrov@brightpath.com,Brightpath,2025-12-10,5,3,0,enterprise,Automation Rules
Priya Nguyen,priya.nguyen@zenithtech.com,ZenithTech,2026-04-05,19,11,2,pro,Automation Rules
Caleb Kumar,caleb.kumar@coremetrics.com,CoreMetrics,2026-02-25,5,6,0,free,Automation Rules
Ava Patel,ava.patel@pulsepoint.com,PulsePoint,2026-04-05,20,6,1,starter,Email Templates
Sana Williams,sana.williams@meridianlabs.com,Meridian Labs,2026-01-02,5,5,1,starter,Email Templates
Dmitri Hall,dmitri.hall@smartbizsolutions.com,SmartBiz Solutions,2026-03-15,15,5,1,free,Automation Rules
Alexander Roberts,alexander.roberts@coremetrics.com,CoreMetrics,2026-04-01,63,10,2,pro,Reports
Dmitri Ivanov,dmitri.ivanov@innovatecorp.com,InnovateCorp,2026-03-29,31,15,3,starter,A/B Testing
Fatima Torres,fatima.torres@cloudpeak.com,CloudPeak,2026-03-10,24,5,1,free,Reports
Aiden Smith,aiden.smith@digitalfirstco.com,DigitalFirst Co,2025-11-29,7,2,0,free,Campaign Builder
Wei Green,wei.green@catalysthq.com,Catalyst HQ,2026-04-14,134,25,4,pro,AI Assistant
Chen Allen,chen.allen@meridianlabs.com,Meridian Labs,2026-03-11,22,4,1,starter,Automation Rules
Lily Torres,lily.torres@velocityio.com,VelocityIO,2026-03-18,29,19,2,starter,Campaign Builder
Nathan Walker,nathan.walker@blueskyanalytics.com,BlueSky Analytics,2026-04-06,47,17,4,starter,Email Templates
Avery Clark,avery.clark@innovatecorp.com,InnovateCorp,2026-02-12,15,2,0,free,Reports
Scarlett Jackson,scarlett.jackson@smartbizsolutions.com,SmartBiz Solutions,2026-04-14,24,13,3,pro,A/B Testing
Riley Das,riley.das@techstartinc.com,TechStart Inc,2026-04-05,53,8,4,enterprise,AI Assistant
Leo Chen,leo.chen@growthco.com,GrowthCo,2025-04-22,12,5,1,starter,Campaign Builder
Ahmed Shah,ahmed.shah@coremetrics.com,CoreMetrics,2026-03-27,21,25,4,pro,Automation Rules
Victoria Kim,victoria.kim@techstartinc.com,TechStart Inc,2025-11-18,3,5,1,free,AI Assistant
Sophia Rodriguez,sophia.rodriguez@primescale.com,PrimeScale,2026-01-04,1,4,0,free,A/B Testing
Isabella Williams,isabella.williams@cloudpeak.com,CloudPeak,2026-03-29,4,2,0,free,Smart Segments
James Ivanov,james.ivanov@meridianlabs.com,Meridian Labs,2026-04-16,133,52,5,pro,Campaign Builder
Isabella Rivera,isabella.rivera@smartbizsolutions.com,SmartBiz Solutions,2026-04-12,41,13,1,pro,A/B Testing
Alexander Lopez,alexander.lopez@alphaflow.com,AlphaFlow,2026-03-22,21,2,0,free,Campaign Builder
Hassan Wilson,hassan.wilson@blueskyanalytics.com,BlueSky Analytics,2026-03-28,18,20,0,starter,Analytics Dashboard
Caleb Martinez,caleb.martinez@coremetrics.com,CoreMetrics,2026-02-03,22,1,1,starter,Integrations
Riley Hernandez,riley.hernandez@nextgenretail.com,NextGen Retail,2026-04-12,37,17,4,enterprise,AI Assistant
Emily Roberts,emily.roberts@datadrivenllc.com,DataDriven LLC,2026-01-04,12,1,0,starter,Analytics Dashboard
Mason Chen,mason.chen@smartbizsolutions.com,SmartBiz Solutions,2026-02-23,11,2,0,starter,Email Templates
Katya Ivanov,katya.ivanov@digitalfirstco.com,DigitalFirst Co,2026-03-30,59,16,0,starter,Analytics Dashboard
Mei Lee,mei.lee@nextgenretail.com,NextGen Retail,2026-04-10,61,9,2,starter,A/B Testing
Alexander Sanchez,alexander.sanchez@summitdigital.com,Summit Digital,2026-02-15,6,10,1,starter,Reports
Ahmed Tanaka,ahmed.tanaka@swiftops.com,SwiftOps,2026-04-13,77,25,2,pro,Smart Segments
Rosa Kumar,rosa.kumar@alphaflow.com,AlphaFlow,2025-12-20,13,2,0,free,Campaign Builder
Ethan Torres,ethan.torres@growthco.com,GrowthCo,2026-03-23,20,3,0,free,Reports
Charlotte Harris,charlotte.harris@cloudpeak.com,CloudPeak,2026-01-24,16,2,1,starter,Email Templates
Abigail Smith,abigail.smith@coremetrics.com,CoreMetrics,2026-02-26,3,8,0,pro,A/B Testing
Penelope Wilson,penelope.wilson@pulsepoint.com,PulsePoint,2026-03-29,14,2,0,free,AI Assistant
Ivan Jackson,ivan.jackson@cloudpeak.com,CloudPeak,2025-05-11,0,3,1,pro,Integrations
William Thompson,william.thompson@innovatecorp.com,InnovateCorp,2026-04-09,63,18,3,pro,AI Assistant
Luke Adams,luke.adams@smartbizsolutions.com,SmartBiz Solutions,2026-03-19,34,21,4,enterprise,Reports
William Chen,william.chen@coremetrics.com,CoreMetrics,2025-05-02,15,0,1,free,Integrations
Katya Baker,katya.baker@smartbizsolutions.com,SmartBiz Solutions,2026-04-12,28,25,3,pro,AI Assistant
Victoria Lopez,victoria.lopez@innovatecorp.com,InnovateCorp,2026-03-30,74,19,4,starter,Campaign Builder
Lily Davis,lily.davis@summitdigital.com,Summit Digital,2026-03-04,9,8,1,pro,Campaign Builder
Emily Perez,emily.perez@catalysthq.com,Catalyst HQ,2026-01-29,8,9,1,starter,AI Assistant
Grace Kumar,grace.kumar@blueskyanalytics.com,BlueSky Analytics,2026-04-14,83,49,10,enterprise,A/B Testing
Zoey Lopez,zoey.lopez@smartbizsolutions.com,SmartBiz Solutions,2026-03-21,79,13,1,starter,Smart Segments
Daniel Sanchez,daniel.sanchez@digitalfirstco.com,DigitalFirst Co,2026-04-13,154,34,6,pro,Campaign Builder
Avery Brown,avery.brown@alphaflow.com,AlphaFlow,2025-05-12,1,1,0,free,Automation Rules
Ahmed Kim,ahmed.kim@smartbizsolutions.com,SmartBiz Solutions,2026-01-23,3,2,0,free,Email Templates
Mia Sato,mia.sato@blueskyanalytics.com,BlueSky Analytics,2026-04-12,167,28,7,pro,Integrations
Penelope Mitchell,penelope.mitchell@pulsepoint.com,PulsePoint,2025-05-29,14,1,0,free,Campaign Builder
Sebastian Allen,sebastian.allen@growthco.com,GrowthCo,2025-11-27,3,5,1,starter,Reports
Owen Flores,owen.flores@smartbizsolutions.com,SmartBiz Solutions,2026-02-08,24,2,1,free,Email Templates
Yuki Hernandez,yuki.hernandez@growthco.com,GrowthCo,2026-04-16,103,60,7,enterprise,Analytics Dashboard
Min Yamamoto,min.yamamoto@growthco.com,GrowthCo,2026-04-16,84,57,10,enterprise,CRM Contacts
James Nguyen,james.nguyen@primescale.com,PrimeScale,2026-01-24,24,8,0,free,Campaign Builder
Akira Lee,akira.lee@zenithtech.com,ZenithTech,2025-08-03,11,4,1,free,Analytics Dashboard
Caleb Hill,caleb.hill@swiftops.com,SwiftOps,2026-02-08,24,4,0,free,A/B Testing
Leila Davis,leila.davis@pulsepoint.com,PulsePoint,2026-04-16,89,22,9,free,A/B Testing
Aisha Lopez,aisha.lopez@zenithtech.com,ZenithTech,2026-04-02,47,23,3,free,AI Assistant
Jayden Rodriguez,jayden.rodriguez@meridianlabs.com,Meridian Labs,2025-05-01,12,4,0,free,Campaign Builder
Min Allen,min.allen@blueskyanalytics.com,BlueSky Analytics,2025-10-23,13,2,0,free,Smart Segments
Scarlett Singh,scarlett.singh@brightpath.com,Brightpath,2026-04-09,31,11,2,pro,Integrations
Penelope Baker,penelope.baker@pulsepoint.com,PulsePoint,2026-03-21,21,9,1,free,Email Templates
Leo Hernandez,leo.hernandez@primescale.com,PrimeScale,2026-03-25,19,12,1,pro,Analytics Dashboard
Ethan Young,ethan.young@nextgenretail.com,NextGen Retail,2026-03-22,15,5,0,free,Integrations
Charlotte Tanaka,charlotte.tanaka@cloudpeak.com,CloudPeak,2026-04-10,20,23,4,pro,Automation Rules
William Thomas,william.thomas@coremetrics.com,CoreMetrics,2026-02-09,22,1,1,free,CRM Contacts
Matthew Scott,matthew.scott@alphaflow.com,AlphaFlow,2025-12-07,15,4,1,starter,Integrations
Ryan Wilson,ryan.wilson@velocityio.com,VelocityIO,2026-02-17,24,9,1,starter,Automation Rules
Victoria Williams,victoria.williams@techstartinc.com,TechStart Inc,2025-10-17,10,1,0,free,A/B Testing
Chloe Smith,chloe.smith@coremetrics.com,CoreMetrics,2025-10-25,4,1,1,free,Email Templates
Chloe Hall,chloe.hall@cloudpeak.com,CloudPeak,2026-03-25,11,7,1,pro,A/B Testing
Sana Singh,sana.singh@alphaflow.com,AlphaFlow,2025-05-06,14,0,1,free,A/B Testing
Abigail Patel,abigail.patel@brightpath.com,Brightpath,2026-04-13,54,13,0,pro,CRM Contacts
Jack Smith,jack.smith@meridianlabs.com,Meridian Labs,2025-07-04,3,1,0,free,Automation Rules
Leo Davis,leo.davis@zenithtech.com,ZenithTech,2026-04-14,56,47,9,pro,Integrations
Priya Yamamoto,priya.yamamoto@innovatecorp.com,InnovateCorp,2026-03-18,8,6,0,starter,Reports
Alexander Williams,alexander.williams@summitdigital.com,Summit Digital,2026-03-24,78,6,0,starter,Smart Segments
James Hall,james.hall@swiftops.com,SwiftOps,2026-04-16,59,56,9,enterprise,A/B Testing
Owen Hall,owen.hall@catalysthq.com,Catalyst HQ,2025-07-21,3,0,1,free,Smart Segments
Zoey Hernandez,zoey.hernandez@datadrivenllc.com,DataDriven LLC,2025-06-23,7,1,0,free,Analytics Dashboard
Dmitri Allen,dmitri.allen@catalysthq.com,Catalyst HQ,2026-03-30,26,10,1,enterprise,Smart Segments
Isabella Hernandez,isabella.hernandez@innovatecorp.com,InnovateCorp,2026-04-08,80,17,3,free,Campaign Builder
Ethan Li,ethan.li@smartbizsolutions.com,SmartBiz Solutions,2026-01-22,14,5,0,starter,Campaign Builder
William Petrov,william.petrov@nextgenretail.com,NextGen Retail,2026-04-02,63,19,3,pro,Campaign Builder
Amelia Nguyen,amelia.nguyen@primescale.com,PrimeScale,2025-10-11,1,5,0,starter,Reports
Aiden Adams,aiden.adams@catalysthq.com,Catalyst HQ,2025-08-27,7,5,1,free,Campaign Builder
Jayden Jones,jayden.jones@datadrivenllc.com,DataDriven LLC,2026-03-31,53,8,2,starter,Campaign Builder
Fatima Sanchez,fatima.sanchez@smartbizsolutions.com,SmartBiz Solutions,2026-03-27,17,20,3,starter,Integrations
Chen Sanchez,chen.sanchez@techstartinc.com,TechStart Inc,2026-02-22,6,4,0,free,Automation Rules
Ethan Green,ethan.green@digitalfirstco.com,DigitalFirst Co,2025-05-18,8,5,0,free,Campaign Builder
Charlotte Singh,charlotte.singh@swiftops.com,SwiftOps,2025-07-05,2,0,0,free,A/B Testing
Olivia Gonzalez,olivia.gonzalez@primescale.com,PrimeScale,2026-02-17,3,9,1,free,AI Assistant
Min Wright,min.wright@meridianlabs.com,Meridian Labs,2026-02-04,21,1,1,free,Email Templates
Leila Nguyen,leila.nguyen@pulsepoint.com,PulsePoint,2026-04-12,103,41,7,pro,Email Templates
Noah Tanaka,noah.tanaka@smartbizsolutions.com,SmartBiz Solutions,2025-11-15,13,1,0,free,CRM Contacts
Emily Campbell,emily.campbell@catalysthq.com,Catalyst HQ,2026-04-07,31,5,3,starter,A/B Testing
Omar Perez,omar.perez@coremetrics.com,CoreMetrics,2026-03-24,25,7,0,starter,Email Templates
Emma Sanchez,emma.sanchez@growthco.com,GrowthCo,2026-03-12,25,2,1,starter,AI Assistant
Aria Singh,aria.singh@zenithtech.com,ZenithTech,2026-03-08,9,6,0,pro,Reports
Sana Walker,sana.walker@growthco.com,GrowthCo,2026-03-21,57,16,4,starter,Integrations
Noah Hill,noah.hill@meridianlabs.com,Meridian Labs,2026-04-15,108,56,2,pro,AI Assistant
Ava Chen,ava.chen@growthco.com,GrowthCo,2026-03-18,66,22,2,pro,Smart Segments
Emma Scott,emma.scott@growthco.com,GrowthCo,2025-05-17,9,0,0,free,Smart Segments
Nathan Li,nathan.li@techstartinc.com,TechStart Inc,2026-04-12,88,31,10,starter,Automation Rules
Matthew Wang,matthew.wang@pulsepoint.com,PulsePoint,2026-01-11,6,2,1,free,Smart Segments
Leila Smith,leila.smith@pulsepoint.com,PulsePoint,2025-06-17,0,2,0,free,Automation Rules
Nathan White,nathan.white@nextgenretail.com,NextGen Retail,2026-02-07,3,3,1,free,Campaign Builder
Emily Shah,emily.shah@digitalfirstco.com,DigitalFirst Co,2026-02-04,21,6,1,free,Campaign Builder
Carlos Das,carlos.das@innovatecorp.com,InnovateCorp,2026-01-07,11,4,0,free,Analytics Dashboard
Ethan Thomas,ethan.thomas@alphaflow.com,AlphaFlow,2026-04-06,76,20,1,free,Smart Segments
Caleb Thompson,caleb.thompson@growthco.com,GrowthCo,2026-01-18,3,6,1,starter,Smart Segments
Akira Jones,akira.jones@cloudpeak.com,CloudPeak,2026-01-09,1,0,0,pro,Smart Segments
Katya Scott,katya.scott@alphaflow.com,AlphaFlow,2026-02-10,22,9,0,starter,A/B Testing
Abigail Kumar,abigail.kumar@brightpath.com,Brightpath,2026-03-08,3,5,1,free,A/B Testing
Noah Miller,noah.miller@innovatecorp.com,InnovateCorp,2025-06-28,15,0,1,free,Integrations
Harper Jones,harper.jones@coremetrics.com,CoreMetrics,2026-04-15,127,16,2,pro,Integrations
Yuki Adams,yuki.adams@techstartinc.com,TechStart Inc,2026-03-30,5,2,0,free,CRM Contacts
Hassan Shah,hassan.shah@growthco.com,GrowthCo,2026-04-07,64,20,4,pro,Analytics Dashboard
Sana Taylor,sana.taylor@catalysthq.com,Catalyst HQ,2026-03-19,21,7,1,starter,Email Templates
Ella Rivera,ella.rivera@alphaflow.com,AlphaFlow,2026-04-05,75,25,2,starter,Analytics Dashboard
Matthew Moore,matthew.moore@innovatecorp.com,InnovateCorp,2026-03-23,15,8,1,free,Reports
Ahmed Lee,ahmed.lee@nextgenretail.com,NextGen Retail,2026-02-03,9,4,0,free,CRM Contacts
Owen Mitchell,owen.mitchell@growthco.com,GrowthCo,2026-02-24,5,1,1,pro,Automation Rules
Caleb Mitchell,caleb.mitchell@velocityio.com,VelocityIO,2025-08-19,3,1,1,pro,Analytics Dashboard
Ryan Smith,ryan.smith@blueskyanalytics.com,BlueSky Analytics,2025-12-17,3,3,1,free,Email Templates
Caleb Miller,caleb.miller@summitdigital.com,Summit Digital,2025-12-24,11,1,1,free,Email Templates
Ava Allen,ava.allen@swiftops.com,SwiftOps,2026-04-14,112,54,9,pro,Campaign Builder
Aiden Carter,aiden.carter@techstartinc.com,TechStart Inc,2025-07-21,2,0,0,free,Email Templates
Chen Torres,chen.torres@pulsepoint.com,PulsePoint,2026-02-25,25,6,1,free,Automation Rules
Min Carter,min.carter@smartbizsolutions.com,SmartBiz Solutions,2026-03-15,5,8,1,free,Email Templates
Samuel Carter,samuel.carter@growthco.com,GrowthCo,2026-01-05,11,2,1,free,Smart Segments
Elizabeth Hall,elizabeth.hall@summitdigital.com,Summit Digital,2026-04-11,23,25,1,free,A/B Testing
William Kumar,william.kumar@blueskyanalytics.com,BlueSky Analytics,2026-03-15,14,3,0,free,CRM Contacts
Fatima Taylor,fatima.taylor@datadrivenllc.com,DataDriven LLC,2025-11-09,2,0,1,pro,Analytics Dashboard
Matthew Moore,matthew.moore@nextgenretail.com,NextGen Retail,2026-01-21,18,7,1,free,Reports
Ava Patel,ava.patel@cloudpeak.com,CloudPeak,2026-03-31,19,6,1,enterprise,Smart Segments
Harper Clark,harper.clark@pulsepoint.com,PulsePoint,2025-07-14,15,1,0,free,AI Assistant
Dylan Gonzalez,dylan.gonzalez@brightpath.com,Brightpath,2026-03-14,7,10,1,free,CRM Contacts
William Green,william.green@cloudpeak.com,CloudPeak,2026-04-02,25,19,1,starter,AI Assistant
Owen Yamamoto,owen.yamamoto@primescale.com,PrimeScale,2026-04-14,91,36,3,starter,Analytics Dashboard
Liam Petrov,liam.petrov@primescale.com,PrimeScale,2026-02-21,11,7,0,starter,Integrations
Ivan Hill,ivan.hill@blueskyanalytics.com,BlueSky Analytics,2025-10-06,4,2,1,free,A/B Testing
Zoey Smith,zoey.smith@coremetrics.com,CoreMetrics,2026-04-11,129,28,5,enterprise,CRM Contacts
Yuki Hill,yuki.hill@zenithtech.com,ZenithTech,2026-03-29,45,21,2,starter,CRM Contacts
Dylan Flores,dylan.flores@innovatecorp.com,InnovateCorp,2026-01-28,18,5,1,free,Smart Segments
Samuel Anderson,samuel.anderson@datadrivenllc.com,DataDriven LLC,2026-03-20,28,13,4,starter,Analytics Dashboard
Caleb Torres,caleb.torres@growthco.com,GrowthCo,2025-09-27,0,4,0,free,Integrations
Benjamin White,benjamin.white@pulsepoint.com,PulsePoint,2026-03-26,53,7,1,starter,AI Assistant
Owen Anderson,owen.anderson@nextgenretail.com,NextGen Retail,2026-02-27,19,9,0,starter,Campaign Builder
Sebastian Wang,sebastian.wang@catalysthq.com,Catalyst HQ,2025-08-03,10,2,0,free,Campaign Builder
Matthew Green,matthew.green@swiftops.com,SwiftOps,2026-03-29,16,7,1,starter,Analytics Dashboard
Benjamin Thomas,benjamin.thomas@summitdigital.com,Summit Digital,2026-02-04,3,5,1,free,Analytics Dashboard
Ava Allen,ava.allen1@swiftops.com,SwiftOps,2026-01-31,22,9,0,pro,Email Templates
Ryan Scott,ryan.scott@velocityio.com,VelocityIO,2026-01-27,9,1,0,free,CRM Contacts
Jack Kim,jack.kim@brightpath.com,Brightpath,2025-12-10,9,4,1,free,Campaign Builder
Riley Campbell,riley.campbell@velocityio.com,VelocityIO,2025-11-17,4,0,0,pro,Integrations
Raj Green,raj.green@meridianlabs.com,Meridian Labs,2026-02-22,22,1,1,free,Integrations
Penelope Allen,penelope.allen@brightpath.com,Brightpath,2026-04-05,56,6,2,starter,Analytics Dashboard
Henry Hernandez,henry.hernandez@zenithtech.com,ZenithTech,2026-02-23,12,3,0,starter,CRM Contacts
Daniel Lee,daniel.lee@zenithtech.com,ZenithTech,2025-06-22,1,0,0,free,A/B Testing
Ella Roberts,ella.roberts@growthco.com,GrowthCo,2025-08-17,9,1,1,free,AI Assistant
Noah Miller,noah.miller@summitdigital.com,Summit Digital,2026-02-05,15,7,0,pro,Analytics Dashboard
Penelope Patel,penelope.patel@swiftops.com,SwiftOps,2026-04-12,135,38,7,free,CRM Contacts
Ryan Wright,ryan.wright@brightpath.com,Brightpath,2026-03-18,37,22,3,free,Smart Segments
Avery Clark,avery.clark@meridianlabs.com,Meridian Labs,2026-03-22,58,24,2,pro,A/B Testing
Wei Sanchez,wei.sanchez@growthco.com,GrowthCo,2026-03-29,70,13,4,starter,CRM Contacts
Hassan Tanaka,hassan.tanaka@growthco.com,GrowthCo,2026-03-19,38,6,4,pro,Smart Segments
Scarlett Roberts,scarlett.roberts@growthco.com,GrowthCo,2026-04-09,97,33,10,starter,CRM Contacts
Victoria Lopez,victoria.lopez@blueskyanalytics.com,BlueSky Analytics,2025-05-24,1,3,0,free,Integrations
James Wang,james.wang@alphaflow.com,AlphaFlow,2026-01-24,18,1,1,starter,Automation Rules
Sophia Smith,sophia.smith@digitalfirstco.com,DigitalFirst Co,2025-06-13,0,1,0,free,Reports
Caleb Hall,caleb.hall@growthco.com,GrowthCo,2026-04-12,19,19,2,free,Reports
Ryan Baker,ryan.baker@zenithtech.com,ZenithTech,2026-04-14,35,8,1,starter,Analytics Dashboard
Aria Sanchez,aria.sanchez@nextgenretail.com,NextGen Retail,2026-04-10,27,14,2,free,Integrations
Ivan Scott,ivan.scott@smartbizsolutions.com,SmartBiz Solutions,2026-03-18,16,14,1,pro,Smart Segments
Yuki Petrov,yuki.petrov@smartbizsolutions.com,SmartBiz Solutions,2025-12-20,14,0,1,free,Campaign Builder
Mei Green,mei.green@smartbizsolutions.com,SmartBiz Solutions,2026-01-20,6,5,1,free,CRM Contacts
Sebastian Perez,sebastian.perez@meridianlabs.com,Meridian Labs,2026-01-22,22,2,0,free,Reports
Victoria Allen,victoria.allen@brightpath.com,Brightpath,2025-09-04,7,2,0,free,Automation Rules
Jack Taylor,jack.taylor@swiftops.com,SwiftOps,2025-05-28,12,0,0,free,AI Assistant
Fatima Walker,fatima.walker@datadrivenllc.com,DataDriven LLC,2026-03-27,17,10,0,free,Automation Rules
Scarlett Kumar,scarlett.kumar@catalysthq.com,Catalyst HQ,2025-07-12,4,5,0,free,AI Assistant
Luke Roberts,luke.roberts@primescale.com,PrimeScale,2026-04-14,153,34,5,enterprise,Reports
Leila Roberts,leila.roberts@summitdigital.com,Summit Digital,2025-06-20,5,4,0,free,Smart Segments
Priya Patel,priya.patel@brightpath.com,Brightpath,2026-04-15,111,30,7,pro,AI Assistant
Raj Mitchell,raj.mitchell@digitalfirstco.com,DigitalFirst Co,2026-04-13,69,21,2,pro,Automation Rules
Jayden Johnson,jayden.johnson@innovatecorp.com,InnovateCorp,2025-10-18,15,4,1,free,Email Templates
Rosa Ivanov,rosa.ivanov@cloudpeak.com,CloudPeak,2026-03-28,15,2,0,free,Automation Rules
Yuki Hill,yuki.hill@techstartinc.com,TechStart Inc,2026-03-22,35,18,4,starter,Analytics Dashboard
Priya Thomas,priya.thomas@primescale.com,PrimeScale,2026-01-07,9,2,1,free,Campaign Builder
Riley Rodriguez,riley.rodriguez@zenithtech.com,ZenithTech,2025-05-14,10,0,0,free,CRM Contacts
Chen Harris,chen.harris@cloudpeak.com,CloudPeak,2026-04-14,74,25,3,pro,Email Templates
Wei Jackson,wei.jackson@coremetrics.com,CoreMetrics,2025-12-05,15,2,1,free,AI Assistant
Mei Davis,mei.davis@meridianlabs.com,Meridian Labs,2026-02-28,23,7,0,free,Reports
Olivia Harris,olivia.harris@techstartinc.com,TechStart Inc,2026-03-31,53,25,1,free,Campaign Builder
Sophia Ivanov,sophia.ivanov@nextgenretail.com,NextGen Retail,2026-03-04,5,8,1,free,AI Assistant
Jack Shah,jack.shah@innovatecorp.com,InnovateCorp,2026-04-07,22,21,3,pro,A/B Testing
Avery Torres,avery.torres@innovatecorp.com,InnovateCorp,2026-04-06,59,5,2,free,A/B Testing
William Green,william.green@brightpath.com,Brightpath,2026-04-06,24,13,4,starter,AI Assistant
Chen Chen,chen.chen@primescale.com,PrimeScale,2026-04-03,18,6,1,starter,Reports
Akira Young,akira.young@meridianlabs.com,Meridian Labs,2026-04-09,54,48,4,free,Integrations
Elizabeth Petrov,elizabeth.petrov@catalysthq.com,Catalyst HQ,2026-03-30,48,17,0,starter,Reports
Chloe Walker,chloe.walker@digitalfirstco.com,DigitalFirst Co,2025-04-28,0,5,1,free,Smart Segments
Nathan Smith,nathan.smith@alphaflow.com,AlphaFlow,2025-09-01,11,0,0,free,Analytics Dashboard
Grace Garcia,grace.garcia@digitalfirstco.com,DigitalFirst Co,2026-03-05,19,7,1,free,Smart Segments
Gabriel Carter,gabriel.carter@nextgenretail.com,NextGen Retail,2025-06-29,15,3,1,starter,Automation Rules
Lucas Roberts,lucas.roberts@meridianlabs.com,Meridian Labs,2026-03-28,71,12,0,enterprise,CRM Contacts
Daniel Perez,daniel.perez@meridianlabs.com,Meridian Labs,2025-10-20,10,3,0,starter,Email Templates
Sana Davis,sana.davis@blueskyanalytics.com,BlueSky Analytics,2025-11-11,4,2,0,free,Campaign Builder
Yuki Brown,yuki.brown@datadrivenllc.com,DataDriven LLC,2026-04-11,33,5,2,starter,Automation Rules
Min Kim,min.kim@smartbizsolutions.com,SmartBiz Solutions,2025-07-11,12,1,1,free,Integrations
Dylan Smith,dylan.smith@nextgenretail.com,NextGen Retail,2025-08-20,0,4,0,free,Email Templates
Chen Nelson,chen.nelson@alphaflow.com,AlphaFlow,2026-02-27,12,7,1,free,Email Templates
Akira Jones,akira.jones@pulsepoint.com,PulsePoint,2026-04-09,191,55,6,enterprise,A/B Testing
Hassan Nguyen,hassan.nguyen@coremetrics.com,CoreMetrics,2026-04-07,32,25,2,starter,Analytics Dashboard
Avery Miller,avery.miller@digitalfirstco.com,DigitalFirst Co,2026-03-12,5,2,0,free,Automation Rules
Noah Taylor,noah.taylor@brightpath.com,Brightpath,2026-01-01,15,1,1,free,A/B Testing
Scarlett King,scarlett.king@smartbizsolutions.com,SmartBiz Solutions,2026-01-27,14,4,0,free,Email Templates
Sebastian Williams,sebastian.williams@alphaflow.com,AlphaFlow,2026-03-19,20,12,0,starter,CRM Contacts
Olivia Thomas,olivia.thomas@catalysthq.com,Catalyst HQ,2026-03-17,78,8,1,pro,Campaign Builder
Luke Yamamoto,luke.yamamoto@nextgenretail.com,NextGen Retail,2026-04-12,69,42,6,pro,Reports
William Lopez,william.lopez@alphaflow.com,AlphaFlow,2026-04-12,200,56,3,enterprise,CRM Contacts
Dylan Patel,dylan.patel@zenithtech.com,ZenithTech,2026-04-12,199,48,7,pro,Automation Rules
Charlotte Scott,charlotte.scott@meridianlabs.com,Meridian Labs,2026-04-11,109,21,8,starter,A/B Testing
Ava Sato,ava.sato@velocityio.com,VelocityIO,2026-03-29,55,25,2,starter,A/B Testing
Emma Martin,emma.martin@primescale.com,PrimeScale,2026-03-15,20,2,0,free,AI Assistant
Liam Robinson,liam.robinson@smartbizsolutions.com,SmartBiz Solutions,2025-09-28,7,4,1,free,Analytics Dashboard
James Li,james.li@pulsepoint.com,PulsePoint,2026-02-13,11,3,0,starter,CRM Contacts
Alexander Walker,alexander.walker@alphaflow.com,AlphaFlow,2026-03-16,16,3,0,starter,AI Assistant
Jayden Clark,jayden.clark@smartbizsolutions.com,SmartBiz Solutions,2026-03-11,23,4,0,free,A/B Testing
Jayden Shah,jayden.shah@summitdigital.com,Summit Digital,2026-04-03,60,25,2,pro,Smart Segments
Mia Das,mia.das@velocityio.com,VelocityIO,2025-10-19,9,1,1,free,Smart Segments
Ahmed Roberts,ahmed.roberts@zenithtech.com,ZenithTech,2026-03-15,13,9,0,free,Campaign Builder
Penelope Patel,penelope.patel@innovatecorp.com,InnovateCorp,2025-09-27,9,3,0,free,Automation Rules
Nathan Lopez,nathan.lopez@primescale.com,PrimeScale,2026-03-22,19,10,2,free,Automation Rules
Victoria Adams,victoria.adams@summitdigital.com,Summit Digital,2026-04-04,67,9,1,enterprise,Campaign Builder
Owen Yamamoto,owen.yamamoto@alphaflow.com,AlphaFlow,2026-03-03,9,5,1,free,Automation Rules
Nathan Brown,nathan.brown@smartbizsolutions.com,SmartBiz Solutions,2026-03-29,61,12,3,starter,AI Assistant
Aria Kumar,aria.kumar@smartbizsolutions.com,SmartBiz Solutions,2026-03-24,25,7,0,starter,Reports
Mei Nguyen,mei.nguyen@innovatecorp.com,InnovateCorp,2026-03-24,75,16,2,enterprise,Campaign Builder
Wei Petrov,wei.petrov@datadrivenllc.com,DataDriven LLC,2025-12-16,8,3,0,starter,CRM Contacts
Caleb Robinson,caleb.robinson@nextgenretail.com,NextGen Retail,2026-04-09,54,17,0,starter,Campaign Builder
Sana Tanaka,sana.tanaka@techstartinc.com,TechStart Inc,2026-04-16,135,50,6,pro,Analytics Dashboard
Leo Das,leo.das@digitalfirstco.com,DigitalFirst Co,2026-01-21,21,10,0,enterprise,Automation Rules
Evelyn Baker,evelyn.baker@catalysthq.com,Catalyst HQ,2026-03-22,59,5,3,pro,Campaign Builder
Mason Martinez,mason.martinez@cloudpeak.com,CloudPeak,2025-11-06,9,2,1,free,Campaign Builder
Aiden Gonzalez,aiden.gonzalez@smartbizsolutions.com,SmartBiz Solutions,2025-06-07,11,0,1,starter,CRM Contacts
Emma Smith,emma.smith@smartbizsolutions.com,SmartBiz Solutions,2026-04-16,185,56,4,enterprise,Integrations
Evelyn Williams,evelyn.williams@pulsepoint.com,PulsePoint,2025-05-04,5,0,0,free,Smart Segments
Dylan Shah,dylan.shah@alphaflow.com,AlphaFlow,2026-04-15,196,38,10,starter,Analytics Dashboard
Chen Johnson,chen.johnson@nextgenretail.com,NextGen Retail,2026-02-14,14,5,1,free,Email Templates
Sophia Gonzalez,sophia.gonzalez@techstartinc.com,TechStart Inc,2026-03-25,3,5,0,free,Integrations
Sophia Walker,sophia.walker@zenithtech.com,ZenithTech,2026-03-17,28,10,3,starter,A/B Testing
Wei Ivanov,wei.ivanov@summitdigital.com,Summit Digital,2025-12-31,15,4,1,free,A/B Testing
Daniel Thompson,daniel.thompson@alphaflow.com,AlphaFlow,2026-04-05,30,7,3,free,Campaign Builder
Isabella Young,isabella.young@meridianlabs.com,Meridian Labs,2026-03-17,16,5,0,free,Reports
Rosa Johnson,rosa.johnson@coremetrics.com,CoreMetrics,2026-04-15,146,34,2,pro,A/B Testing
Riley Wright,riley.wright@digitalfirstco.com,DigitalFirst Co,2026-03-30,30,22,4,free,Email Templates
Rosa Sanchez,rosa.sanchez@blueskyanalytics.com,BlueSky Analytics,2026-01-21,19,3,1,free,Analytics Dashboard
Harper Hernandez,harper.hernandez@meridianlabs.com,Meridian Labs,2025-05-11,8,5,1,free,Reports
Mason Wilson,mason.wilson@datadrivenllc.com,DataDriven LLC,2026-04-13,37,6,0,pro,Integrations
Chen Perez,chen.perez@smartbizsolutions.com,SmartBiz Solutions,2026-02-06,6,6,1,starter,Campaign Builder
Katya Petrov,katya.petrov@zenithtech.com,ZenithTech,2026-04-06,46,13,4,pro,Integrations
Fatima Chen,fatima.chen@smartbizsolutions.com,SmartBiz Solutions,2025-10-01,1,3,1,free,Integrations
Liam Yamamoto,liam.yamamoto@cloudpeak.com,CloudPeak,2025-12-02,13,5,1,free,Automation Rules
Owen Nelson,owen.nelson@summitdigital.com,Summit Digital,2026-03-01,7,2,0,free,Automation Rules
Lily Brown,lily.brown@growthco.com,GrowthCo,2026-03-12,5,9,1,free,Campaign Builder
Carlos Kim,carlos.kim@swiftops.com,SwiftOps,2026-01-21,9,1,0,free,Integrations
Mia Li,mia.li@smartbizsolutions.com,SmartBiz Solutions,2026-01-23,12,5,1,free,Analytics Dashboard
Liam Wright,liam.wright@datadrivenllc.com,DataDriven LLC,2025-10-28,14,2,0,free,Smart Segments
Ryan Garcia,ryan.garcia@zenithtech.com,ZenithTech,2026-02-17,25,7,0,free,Reports
Mei Carter,mei.carter@digitalfirstco.com,DigitalFirst Co,2026-04-09,181,20,7,enterprise,Reports
Leo Clark,leo.clark@zenithtech.com,ZenithTech,2026-04-16,76,29,4,enterprise,Campaign Builder
Penelope Harris,penelope.harris@primescale.com,PrimeScale,2025-08-25,5,4,0,free,A/B Testing
Jayden Perez,jayden.perez@swiftops.com,SwiftOps,2026-04-11,200,15,2,starter,A/B Testing
Aria Perez,aria.perez@coremetrics.com,CoreMetrics,2026-03-26,46,24,1,pro,Reports
Ava Walker,ava.walker@primescale.com,PrimeScale,2025-06-03,5,2,0,free,Campaign Builder
Mia Tanaka,mia.tanaka@zenithtech.com,ZenithTech,2026-04-12,155,32,5,free,AI Assistant
Zoey Wang,zoey.wang@innovatecorp.com,InnovateCorp,2026-03-17,21,15,4,enterprise,Email Templates
Alexander Gonzalez,alexander.gonzalez@zenithtech.com,ZenithTech,2026-03-08,12,5,1,free,Integrations
Sophia Sato,sophia.sato@nextgenretail.com,NextGen Retail,2026-04-10,124,38,5,starter,Analytics Dashboard
Ivan Williams,ivan.williams@innovatecorp.com,InnovateCorp,2026-02-26,3,4,0,free,Reports
Rosa Walker,rosa.walker@techstartinc.com,TechStart Inc,2025-04-28,3,1,1,free,CRM Contacts
Chen Nguyen,chen.nguyen@pulsepoint.com,PulsePoint,2025-11-28,8,2,1,free,Analytics Dashboard
Sofia Torres,sofia.torres@nextgenretail.com,NextGen Retail,2026-04-02,29,9,2,pro,Smart Segments
Scarlett Davis,scarlett.davis@brightpath.com,Brightpath,2026-03-15,10,3,0,free,CRM Contacts
James Lopez,james.lopez@meridianlabs.com,Meridian Labs,2026-03-29,53,11,0,pro,Integrations
Sofia Yamamoto,sofia.yamamoto@smartbizsolutions.com,SmartBiz Solutions,2026-02-12,5,7,1,starter,A/B Testing
Fatima Anderson,fatima.anderson@pulsepoint.com,PulsePoint,2026-02-05,7,8,0,free,Campaign Builder
Liam Wright,liam.wright@alphaflow.com,AlphaFlow,2026-03-18,24,22,4,starter,Email Templates
Samuel Li,samuel.li@blueskyanalytics.com,BlueSky Analytics,2026-04-09,147,31,2,enterprise,Automation Rules
Min Hall,min.hall@brightpath.com,Brightpath,2026-04-12,83,39,10,pro,A/B Testing
Emily Allen,emily.allen@coremetrics.com,CoreMetrics,2026-02-02,6,7,0,free,Email Templates
Mia Hall,mia.hall@cloudpeak.com,CloudPeak,2026-04-10,44,9,0,pro,Integrations
Caleb Martinez,caleb.martinez@datadrivenllc.com,DataDriven LLC,2026-03-18,27,10,1,pro,Smart Segments
Gabriel Petrov,gabriel.petrov@primescale.com,PrimeScale,2026-02-20,3,6,1,free,A/B Testing
Samuel Lopez,samuel.lopez@digitalfirstco.com,DigitalFirst Co,2026-01-30,12,7,1,enterprise,Integrations
Wei Green,wei.green@alphaflow.com,AlphaFlow,2026-04-15,55,23,4,pro,Analytics Dashboard
Emily Martin,emily.martin@pulsepoint.com,PulsePoint,2026-04-07,70,10,1,free,CRM Contacts
Katya King,katya.king@datadrivenllc.com,DataDriven LLC,2026-02-11,16,1,0,pro,Email Templates
Mason Nguyen,mason.nguyen@summitdigital.com,Summit Digital,2026-04-11,60,15,3,enterprise,Automation Rules
Mason Kim,mason.kim@smartbizsolutions.com,SmartBiz Solutions,2026-04-10,195,54,9,pro,Integrations
Grace Nguyen,grace.nguyen@coremetrics.com,CoreMetrics,2026-04-10,133,51,4,pro,AI Assistant
Ivan Mitchell,ivan.mitchell@datadrivenllc.com,DataDriven LLC,2026-04-07,63,10,2,pro,Smart Segments
Isabella Das,isabella.das@pulsepoint.com,PulsePoint,2025-06-16,15,5,0,free,CRM Contacts
Aria Ramirez,aria.ramirez@cloudpeak.com,CloudPeak,2025-05-06,11,1,0,free,Analytics Dashboard
Victoria Shah,victoria.shah@nextgenretail.com,NextGen Retail,2026-04-10,183,47,4,enterprise,Automation Rules
Nathan Shah,nathan.shah@velocityio.com,VelocityIO,2026-04-06,77,11,0,pro,Campaign Builder
Ella Hall,ella.hall@blueskyanalytics.com,BlueSky Analytics,2026-01-13,15,3,1,free,Reports
Sebastian Carter,sebastian.carter@zenithtech.com,ZenithTech,2026-03-28,66,14,2,pro,CRM Contacts
Isabella Williams,isabella.williams@growthco.com,GrowthCo,2026-02-16,25,4,1,pro,CRM Contacts
Grace Gonzalez,grace.gonzalez@swiftops.com,SwiftOps,2026-03-20,64,12,1,pro,Automation Rules
Zoey Ivanov,zoey.ivanov@cloudpeak.com,CloudPeak,2026-04-13,49,10,1,starter,Integrations
Sophia Thompson,sophia.thompson@digitalfirstco.com,DigitalFirst Co,2026-04-10,163,60,9,pro,CRM Contacts
Henry Green,henry.green@cloudpeak.com,CloudPeak,2025-06-30,0,0,1,free,Reports
Carlos Garcia,carlos.garcia@innovatecorp.com,InnovateCorp,2026-03-29,24,17,0,starter,Campaign Builder
Ethan Wright,ethan.wright@cloudpeak.com,CloudPeak,2026-04-11,26,23,3,pro,Smart Segments
Ethan King,ethan.king@catalysthq.com,Catalyst HQ,2026-01-19,11,2,1,free,Campaign Builder
Mia Lewis,mia.lewis@brightpath.com,Brightpath,2026-04-14,102,38,7,free,AI Assistant
James Gonzalez,james.gonzalez@velocityio.com,VelocityIO,2025-04-23,0,5,1,free,A/B Testing
Matthew Gonzalez,matthew.gonzalez@blueskyanalytics.com,BlueSky Analytics,2026-04-12,47,8,4,free,AI Assistant
Yuki Rodriguez,yuki.rodriguez@meridianlabs.com,Meridian Labs,2025-11-10,12,0,0,free,CRM Contacts
Scarlett Nguyen,scarlett.nguyen@summitdigital.com,Summit Digital,2026-04-05,25,19,3,pro,Campaign Builder
Zoey Sanchez,zoey.sanchez@catalysthq.com,Catalyst HQ,2026-04-05,72,18,2,pro,Smart Segments
Benjamin Nelson,benjamin.nelson@primescale.com,PrimeScale,2026-04-13,196,59,2,enterprise,Email Templates
Liam Rivera,liam.rivera@growthco.com,GrowthCo,2026-03-19,45,25,2,starter,CRM Contacts
Omar Roberts,omar.roberts@innovatecorp.com,InnovateCorp,2026-04-16,185,27,3,pro,Integrations
Dylan Roberts,dylan.roberts@blueskyanalytics.com,BlueSky Analytics,2026-01-09,11,5,0,free,Campaign Builder
Nathan Rivera,nathan.rivera@catalysthq.com,Catalyst HQ,2026-03-31,49,21,3,starter,Analytics Dashboard
Daniel Patel,daniel.patel@growthco.com,GrowthCo,2025-07-20,8,1,0,free,AI Assistant
Chen Wright,chen.wright@velocityio.com,VelocityIO,2026-04-15,74,15,0,pro,Analytics Dashboard
Lucas Thompson,lucas.thompson@alphaflow.com,AlphaFlow,2025-08-18,1,2,0,free,Campaign Builder
Yuki Brown,yuki.brown@blueskyanalytics.com,BlueSky Analytics,2026-04-15,156,50,6,enterprise,Integrations
Yuki Brown,yuki.brown1@blueskyanalytics.com,BlueSky Analytics,2026-02-24,6,8,1,free,Email Templates
Luke Hill,luke.hill@digitalfirstco.com,DigitalFirst Co,2025-11-12,14,2,0,free,Automation Rules
Dylan Clark,dylan.clark@summitdigital.com,Summit Digital,2026-04-14,117,49,7,enterprise,CRM Contacts
Alexander Roberts,alexander.roberts@blueskyanalytics.com,BlueSky Analytics,2025-10-05,3,4,1,starter,Email Templates
Rosa Lewis,rosa.lewis@digitalfirstco.com,DigitalFirst Co,2026-03-19,57,5,1,pro,Reports
Sebastian Allen,sebastian.allen@techstartinc.com,TechStart Inc,2026-03-17,25,3,0,free,Reports
Noah Singh,noah.singh@cloudpeak.com,CloudPeak,2026-03-16,6,4,1,free,Reports
Noah Singh,noah.singh@swiftops.com,SwiftOps,2026-03-17,48,7,2,starter,Analytics Dashboard
Penelope Martinez,penelope.martinez@brightpath.com,Brightpath,2026-04-05,20,6,4,starter,Campaign Builder
Evelyn Johnson,evelyn.johnson@smartbizsolutions.com,SmartBiz Solutions,2026-03-17,64,8,0,starter,AI Assistant
Alexander Wang,alexander.wang@datadrivenllc.com,DataDriven LLC,2026-04-03,71,25,1,pro,Email Templates
Yuki Garcia,yuki.garcia@datadrivenllc.com,DataDriven LLC,2026-01-10,0,2,1,free,Reports
Chloe Hill,chloe.hill@primescale.com,PrimeScale,2025-10-06,11,1,1,pro,Reports
Lucas Nelson,lucas.nelson@techstartinc.com,TechStart Inc,2026-04-15,55,20,3,free,Smart Segments
Caleb Walker,caleb.walker@smartbizsolutions.com,SmartBiz Solutions,2026-04-12,29,18,3,pro,Automation Rules
James Wright,james.wright@innovatecorp.com,InnovateCorp,2026-01-20,8,4,0,free,Email Templates
Jayden Clark,jayden.clark@swiftops.com,SwiftOps,2025-09-29,5,2,1,free,Analytics Dashboard
Yuki Clark,yuki.clark@summitdigital.com,Summit Digital,2026-04-03,21,25,0,starter,Automation Rules
Dmitri Wright,dmitri.wright@swiftops.com,SwiftOps,2026-03-16,18,7,1,free,Analytics Dashboard
Sebastian Miller,sebastian.miller@growthco.com,GrowthCo,2026-04-14,75,9,1,starter,Smart Segments
Aisha Garcia,aisha.garcia@growthco.com,GrowthCo,2026-04-13,139,38,3,starter,Smart Segments
Emma Sato,emma.sato@coremetrics.com,CoreMetrics,2026-03-17,37,16,3,pro,Email Templates
Amelia Adams,amelia.adams@smartbizsolutions.com,SmartBiz Solutions,2026-03-04,18,3,1,free,Email Templates
Nathan Smith,nathan.smith1@alphaflow.com,AlphaFlow,2026-03-09,5,1,0,enterprise,Email Templates
Akira Rivera,akira.rivera@blueskyanalytics.com,BlueSky Analytics,2026-04-07,60,20,1,enterprise,CRM Contacts
Katya Kumar,katya.kumar@brightpath.com,Brightpath,2026-04-11,59,19,0,starter,AI Assistant
Luke Torres,luke.torres@techstartinc.com,TechStart Inc,2026-02-12,8,1,1,free,Email Templates
Sofia Baker,sofia.baker@swiftops.com,SwiftOps,2026-04-08,23,15,4,pro,Reports
Ivan Anderson,ivan.anderson@pulsepoint.com,PulsePoint,2025-07-20,8,1,1,free,Smart Segments
Alexander Jones,alexander.jones@nextgenretail.com,NextGen Retail,2026-03-27,48,5,4,free,AI Assistant
Harper Sato,harper.sato@primescale.com,PrimeScale,2026-03-12,3,1,1,starter,Reports
Sebastian Patel,sebastian.patel@coremetrics.com,CoreMetrics,2026-04-10,126,46,3,starter,AI Assistant
Mei Torres,mei.torres@innovatecorp.com,InnovateCorp,2025-09-11,4,2,1,free,Automation Rules
Grace Ramirez,grace.ramirez@datadrivenllc.com,DataDriven LLC,2026-04-15,130,44,3,pro,Reports
Ivan Chen,ivan.chen@brightpath.com,Brightpath,2026-03-25,24,6,0,enterprise,CRM Contacts
Riley Carter,riley.carter@nextgenretail.com,NextGen Retail,2026-04-11,99,23,6,enterprise,Analytics Dashboard
Jayden Rivera,jayden.rivera@alphaflow.com,AlphaFlow,2026-01-20,11,4,0,enterprise,Reports
Akira Yamamoto,akira.yamamoto@coremetrics.com,CoreMetrics,2026-03-13,21,4,0,free,Automation Rules
Chen Yamamoto,chen.yamamoto@datadrivenllc.com,DataDriven LLC,2026-04-11,28,21,0,pro,Campaign Builder
Charlotte Li,charlotte.li@growthco.com,GrowthCo,2026-03-19,57,9,2,pro,Analytics Dashboard
Mason Allen,mason.allen@datadrivenllc.com,DataDriven LLC,2025-07-22,12,2,0,free,Reports
Charlotte Lee,charlotte.lee@digitalfirstco.com,DigitalFirst Co,2026-03-25,70,13,4,starter,AI Assistant
Sebastian Williams,sebastian.williams@brightpath.com,Brightpath,2026-03-05,17,8,1,free,A/B Testing
Akira Martin,akira.martin@coremetrics.com,CoreMetrics,2026-04-10,48,19,0,starter,CRM Contacts
Rosa Rivera,rosa.rivera@innovatecorp.com,InnovateCorp,2026-04-06,40,9,1,pro,AI Assistant
Nathan Singh,nathan.singh@techstartinc.com,TechStart Inc,2025-11-10,12,2,1,free,A/B Testing
Rosa Hall,rosa.hall@nextgenretail.com,NextGen Retail,2025-10-08,10,5,1,free,AI Assistant
James Walker,james.walker@zenithtech.com,ZenithTech,2026-03-03,11,5,0,free,Analytics Dashboard
Caleb Perez,caleb.perez@datadrivenllc.com,DataDriven LLC,2026-03-28,32,7,2,free,CRM Contacts
Scarlett Yamamoto,scarlett.yamamoto@coremetrics.com,CoreMetrics,2025-10-30,13,2,1,free,Automation Rules
Chen Jones,chen.jones@growthco.com,GrowthCo,2026-04-05,30,11,2,starter,Email Templates
Jayden Sato,jayden.sato@cloudpeak.com,CloudPeak,2026-04-07,73,8,2,enterprise,Smart Segments
Charlotte Flores,charlotte.flores@alphaflow.com,AlphaFlow,2026-04-15,76,17,4,pro,Analytics Dashboard
Katya Walker,katya.walker@alphaflow.com,AlphaFlow,2026-03-25,27,9,0,free,Automation Rules
Priya Smith,priya.smith@techstartinc.com,TechStart Inc,2026-04-10,68,18,3,starter,A/B Testing
Chen Rodriguez,chen.rodriguez@cloudpeak.com,CloudPeak,2026-04-10,68,15,4,enterprise,Campaign Builder
Dmitri White,dmitri.white@innovatecorp.com,InnovateCorp,2026-04-07,55,7,2,starter,AI Assistant
Leila Torres,leila.torres@nextgenretail.com,NextGen Retail,2026-03-30,10,10,0,free,CRM Contacts
Sofia Chen,sofia.chen@cloudpeak.com,CloudPeak,2026-03-24,16,7,0,free,Email Templates
Wei Brown,wei.brown@velocityio.com,VelocityIO,2026-04-01,25,24,2,pro,AI Assistant
Victoria Hall,victoria.hall@datadrivenllc.com,DataDriven LLC,2026-03-30,49,8,1,pro,Smart Segments
Amelia Thompson,amelia.thompson@primescale.com,PrimeScale,2025-05-22,0,0,1,free,Automation Rules
Penelope Li,penelope.li@nextgenretail.com,NextGen Retail,2025-10-06,6,3,0,free,CRM Contacts
Lily Li,lily.li@techstartinc.com,TechStart Inc,2026-01-25,13,6,1,free,CRM Contacts
Sofia Wang,sofia.wang@cloudpeak.com,CloudPeak,2026-04-11,129,34,6,enterprise,Automation Rules
Caleb Brown,caleb.brown@techstartinc.com,TechStart Inc,2025-12-13,5,4,1,free,Smart Segments
Amelia Thomas,amelia.thomas@zenithtech.com,ZenithTech,2026-03-29,12,2,1,free,Analytics Dashboard
Penelope Lewis,penelope.lewis@techstartinc.com,TechStart Inc,2026-04-14,178,42,8,pro,AI Assistant
Grace Chen,grace.chen@pulsepoint.com,PulsePoint,2026-04-13,47,17,2,starter,Integrations
Samuel Mitchell,samuel.mitchell@digitalfirstco.com,DigitalFirst Co,2026-04-10,97,45,3,pro,Email Templates
Sofia Sanchez,sofia.sanchez@brightpath.com,Brightpath,2026-02-12,25,8,0,free,AI Assistant
Sana Das,sana.das@innovatecorp.com,InnovateCorp,2026-04-11,139,58,6,enterprise,A/B Testing
Lily Taylor,lily.taylor@summitdigital.com,Summit Digital,2026-02-22,7,3,1,starter,Smart Segments
Henry Lee,henry.lee@digitalfirstco.com,DigitalFirst Co,2025-07-07,0,0,0,free,Reports
Luke Wright,luke.wright@innovatecorp.com,InnovateCorp,2025-08-12,13,4,0,free,Analytics Dashboard
Emma Thompson,emma.thompson@techstartinc.com,TechStart Inc,2025-06-09,14,1,0,free,CRM Contacts
Penelope Hill,penelope.hill@zenithtech.com,ZenithTech,2025-05-16,13,4,1,free,Reports
Lucas Brown,lucas.brown@datadrivenllc.com,DataDriven LLC,2025-08-03,7,5,1,free,Automation Rules
Dmitri Sanchez,dmitri.sanchez@meridianlabs.com,Meridian Labs,2026-03-21,14,1,1,free,Reports
Amelia Carter,amelia.carter@datadrivenllc.com,DataDriven LLC,2026-02-16,23,6,0,starter,AI Assistant
Wei Hill,wei.hill@growthco.com,GrowthCo,2026-03-28,45,15,4,pro,CRM Contacts
Chen Ivanov,chen.ivanov@smartbizsolutions.com,SmartBiz Solutions,2026-04-13,85,36,8,enterprise,A/B Testing
Charlotte Garcia,charlotte.garcia@alphaflow.com,AlphaFlow,2025-05-06,14,4,0,free,Email Templates
Leila Singh,leila.singh@velocityio.com,VelocityIO,2026-03-30,63,20,0,pro,Analytics Dashboard
Mia Hill,mia.hill@velocityio.com,VelocityIO,2025-10-17,6,4,1,free,Integrations
Yuki Miller,yuki.miller@zenithtech.com,ZenithTech,2026-04-13,178,49,5,enterprise,Integrations
Ava Nguyen,ava.nguyen@zenithtech.com,ZenithTech,2026-01-26,14,9,0,free,Campaign Builder
Nathan White,nathan.white@brightpath.com,Brightpath,2026-04-13,180,53,9,pro,Automation Rules
Ethan Hernandez,ethan.hernandez@alphaflow.com,AlphaFlow,2025-06-03,14,1,0,free,Automation Rules
Evelyn Rodriguez,evelyn.rodriguez@smartbizsolutions.com,SmartBiz Solutions,2026-04-03,75,16,4,starter,Campaign Builder
Emma King,emma.king@cloudpeak.com,CloudPeak,2025-11-29,10,2,0,starter,Campaign Builder
Ava Garcia,ava.garcia@zenithtech.com,ZenithTech,2026-04-13,95,36,5,starter,Campaign Builder
Katya Sato,katya.sato@techstartinc.com,TechStart Inc,2026-04-14,70,45,5,pro,Campaign Builder
Sofia Roberts,sofia.roberts@alphaflow.com,AlphaFlow,2025-06-18,1,2,0,free,Campaign Builder
Sana Lewis,sana.lewis@techstartinc.com,TechStart Inc,2025-06-18,15,4,0,starter,CRM Contacts
Ivan Kumar,ivan.kumar@pulsepoint.com,PulsePoint,2026-02-14,17,1,0,starter,Email Templates
Ivan Clark,ivan.clark@smartbizsolutions.com,SmartBiz Solutions,2026-03-28,8,5,1,pro,CRM Contacts
Henry Thomas,henry.thomas@pulsepoint.com,PulsePoint,2026-04-02,50,21,4,starter,Email Templates
Hassan Lewis,hassan.lewis@primescale.com,PrimeScale,2025-05-04,15,5,1,free,Integrations
Fatima Roberts,fatima.roberts@innovatecorp.com,InnovateCorp,2025-09-30,3,5,1,pro,Campaign Builder
Carlos Scott,carlos.scott@nextgenretail.com,NextGen Retail,2026-04-10,16,7,3,pro,Integrations
Mason Miller,mason.miller@cloudpeak.com,CloudPeak,2025-11-09,11,1,0,free,Analytics Dashboard
William Anderson,william.anderson@zenithtech.com,ZenithTech,2025-04-27,15,5,0,starter,Analytics Dashboard
Amelia Miller,amelia.miller@coremetrics.com,CoreMetrics,2025-10-09,0,5,0,free,Campaign Builder
Charlotte Nguyen,charlotte.nguyen@cloudpeak.com,CloudPeak,2025-08-19,9,1,0,starter,Smart Segments
Alexander Baker,alexander.baker@cloudpeak.com,CloudPeak,2026-03-25,19,4,0,free,Email Templates
Matthew Nelson,matthew.nelson@velocityio.com,VelocityIO,2025-12-01,13,4,1,free,Automation Rules
Isabella Baker,isabella.baker@primescale.com,PrimeScale,2026-04-13,176,53,2,pro,Analytics Dashboard
Sofia Jackson,sofia.jackson@smartbizsolutions.com,SmartBiz Solutions,2025-07-18,4,3,0,pro,Analytics Dashboard
Ahmed Smith,ahmed.smith@datadrivenllc.com,DataDriven LLC,2026-03-26,11,1,0,free,Email Templates
Riley Wang,riley.wang@innovatecorp.com,InnovateCorp,2026-04-08,23,21,1,pro,Smart Segments
Ahmed Ramirez,ahmed.ramirez@growthco.com,GrowthCo,2025-12-30,10,3,0,free,CRM Contacts
Scarlett Miller,scarlett.miller@primescale.com,PrimeScale,2025-08-03,3,1,0,starter,Smart Segments
Sebastian Adams,sebastian.adams@brightpath.com,Brightpath,2026-03-31,33,5,4,starter,CRM Contacts
Aiden Davis,aiden.davis@catalysthq.com,Catalyst HQ,2026-03-21,41,11,4,starter,Reports
Ivan Nguyen,ivan.nguyen@techstartinc.com,TechStart Inc,2026-02-20,5,8,1,free,AI Assistant
Samuel Allen,samuel.allen@nextgenretail.com,NextGen Retail,2025-04-24,6,0,1,pro,CRM Contacts
Dmitri Robinson,dmitri.robinson@cloudpeak.com,CloudPeak,2026-04-09,167,21,9,pro,Analytics Dashboard
Sebastian Moore,sebastian.moore@brightpath.com,Brightpath,2026-03-02,6,2,0,enterprise,Campaign Builder
Samuel Patel,samuel.patel@meridianlabs.com,Meridian Labs,2026-03-20,38,7,4,starter,Reports
Carlos Scott,carlos.scott@meridianlabs.com,Meridian Labs,2025-04-23,3,4,1,free,Email Templates
Lucas Miller,lucas.miller@swiftops.com,SwiftOps,2026-04-11,114,49,10,pro,CRM Contacts
Chen Baker,chen.baker@alphaflow.com,AlphaFlow,2026-02-19,14,1,0,free,Smart Segments
Katya Allen,katya.allen@pulsepoint.com,PulsePoint,2025-11-25,8,5,1,free,CRM Contacts
Leo Scott,leo.scott@blueskyanalytics.com,BlueSky Analytics,2026-03-14,18,1,1,free,Reports
Henry Kim,henry.kim@meridianlabs.com,Meridian Labs,2025-06-11,11,1,0,free,Integrations
Carlos Nguyen,carlos.nguyen@growthco.com,GrowthCo,2026-02-17,13,2,0,starter,Email Templates
Gabriel Tanaka,gabriel.tanaka@brightpath.com,Brightpath,2025-08-03,2,4,1,free,Campaign Builder
Matthew Gonzalez,matthew.gonzalez@smartbizsolutions.com,SmartBiz Solutions,2026-04-02,57,10,1,starter,Email Templates
Dylan Gonzalez,dylan.gonzalez@pulsepoint.com,PulsePoint,2026-04-15,70,60,4,enterprise,Reports
Caleb Johnson,caleb.johnson@growthco.com,GrowthCo,2026-03-24,59,11,3,starter,Reports
Ahmed Wilson,ahmed.wilson@innovatecorp.com,InnovateCorp,2025-10-12,6,5,0,free,Reports
Jayden Gonzalez,jayden.gonzalez@nextgenretail.com,NextGen Retail,2026-03-18,71,19,4,starter,Reports
Lucas Hill,lucas.hill@datadrivenllc.com,DataDriven LLC,2025-11-29,3,1,0,starter,Analytics Dashboard
Amelia Garcia,amelia.garcia@catalysthq.com,Catalyst HQ,2026-03-24,29,12,4,pro,A/B Testing
Sophia Nguyen,sophia.nguyen@datadrivenllc.com,DataDriven LLC,2025-09-12,10,2,1,free,Reports
Ahmed Robinson,ahmed.robinson@pulsepoint.com,PulsePoint,2026-04-10,72,15,8,enterprise,Smart Segments
Carlos Lewis,carlos.lewis@summitdigital.com,Summit Digital,2026-01-17,4,10,0,pro,Smart Segments
Noah Jones,noah.jones@datadrivenllc.com,DataDriven LLC,2025-12-27,4,4,0,pro,CRM Contacts
Mei Tanaka,mei.tanaka@digitalfirstco.com,DigitalFirst Co,2026-04-11,129,51,2,enterprise,Campaign Builder
Ella Shah,ella.shah@digitalfirstco.com,DigitalFirst Co,2026-04-07,36,20,3,starter,Email Templates
James Wright,james.wright@summitdigital.com,Summit Digital,2026-04-01,56,17,0,pro,Smart Segments
Scarlett Lee,scarlett.lee@innovatecorp.com,InnovateCorp,2025-07-03,11,2,0,free,A/B Testing
Lucas Anderson,lucas.anderson@datadrivenllc.com,DataDriven LLC,2026-03-12,20,10,0,starter,Reports
Sophia Sanchez,sophia.sanchez@swiftops.com,SwiftOps,2026-02-12,4,10,0,free,Campaign Builder
Raj Wright,raj.wright@cloudpeak.com,CloudPeak,2026-04-15,79,15,4,starter,Email Templates
Caleb Petrov,caleb.petrov@digitalfirstco.com,DigitalFirst Co,2026-04-09,36,20,2,starter,Integrations
Matthew Walker,matthew.walker@swiftops.com,SwiftOps,2026-03-19,20,4,0,pro,A/B Testing
Ava Jackson,ava.jackson@brightpath.com,Brightpath,2025-10-27,9,2,0,free,A/B Testing
Isabella Mitchell,isabella.mitchell@smartbizsolutions.com,SmartBiz Solutions,2025-12-17,2,0,0,starter,AI Assistant
Aria Hill,aria.hill@summitdigital.com,Summit Digital,2025-10-12,8,4,0,free,A/B Testing
Owen Chen,owen.chen@alphaflow.com,AlphaFlow,2026-04-13,75,11,4,enterprise,Analytics Dashboard
Grace Singh,grace.singh@meridianlabs.com,Meridian Labs,2025-08-17,11,4,1,starter,Integrations
Noah Roberts,noah.roberts@innovatecorp.com,InnovateCorp,2026-04-03,16,6,1,starter,CRM Contacts
Jayden Adams,jayden.adams@swiftops.com,SwiftOps,2025-05-01,15,4,1,starter,CRM Contacts
Chloe Flores,chloe.flores@nextgenretail.com,NextGen Retail,2025-05-02,2,1,1,starter,Email Templates
Jayden Wilson,jayden.wilson@cloudpeak.com,CloudPeak,2025-10-14,4,5,1,free,CRM Contacts
Amelia Young,amelia.young@smartbizsolutions.com,SmartBiz Solutions,2026-04-08,25,14,1,starter,Reports
Aisha Roberts,aisha.roberts@growthco.com,GrowthCo,2026-03-20,49,15,4,starter,Smart Segments
Wei Jackson,wei.jackson@blueskyanalytics.com,BlueSky Analytics,2025-09-07,15,2,1,free,A/B Testing
Benjamin King,benjamin.king@summitdigital.com,Summit Digital,2025-05-17,6,3,0,free,Automation Rules
Jack Wright,jack.wright@techstartinc.com,TechStart Inc,2025-10-04,4,5,1,free,Analytics Dashboard
Elizabeth Wright,elizabeth.wright@digitalfirstco.com,DigitalFirst Co,2026-04-12,44,23,1,pro,A/B Testing
Yuki Das,yuki.das@primescale.com,PrimeScale,2025-11-28,5,2,0,free,Reports
Avery Thompson,avery.thompson@digitalfirstco.com,DigitalFirst Co,2026-03-21,52,24,0,free,Campaign Builder
Samuel Carter,samuel.carter@nextgenretail.com,NextGen Retail,2026-04-04,17,13,3,pro,Analytics Dashboard
Sofia Smith,sofia.smith@innovatecorp.com,InnovateCorp,2026-03-18,37,15,2,starter,Reports
William Baker,william.baker@datadrivenllc.com,DataDriven LLC,2025-09-19,7,4,1,free,Automation Rules
Riley Chen,riley.chen@velocityio.com,VelocityIO,2026-04-15,171,47,2,pro,Analytics Dashboard
Ivan Li,ivan.li@primescale.com,PrimeScale,2026-04-02,27,25,4,starter,A/B Testing
Yuki Martinez,yuki.martinez@meridianlabs.com,Meridian Labs,2025-09-21,2,0,0,free,AI Assistant
Dylan Gonzalez,dylan.gonzalez@catalysthq.com,Catalyst HQ,2026-04-11,198,55,9,pro,AI Assistant
Sofia Jones,sofia.jones@innovatecorp.com,InnovateCorp,2026-03-17,21,13,4,free,Integrations
Lily Mitchell,lily.mitchell@blueskyanalytics.com,BlueSky Analytics,2026-02-16,23,7,0,free,Campaign Builder
Raj Rodriguez,raj.rodriguez@velocityio.com,VelocityIO,2025-05-08,0,0,1,free,Reports
Amelia Ramirez,amelia.ramirez@summitdigital.com,Summit Digital,2026-04-08,64,20,3,pro,CRM Contacts
Abigail Tanaka,abigail.tanaka@summitdigital.com,Summit Digital,2025-12-29,2,2,1,starter,Analytics Dashboard
Nathan Lewis,nathan.lewis@blueskyanalytics.com,BlueSky Analytics,2026-04-02,79,11,4,pro,Reports
Caleb Moore,caleb.moore@swiftops.com,SwiftOps,2026-03-31,63,11,3,pro,Email Templates
Ryan Green,ryan.green@cloudpeak.com,CloudPeak,2025-10-06,13,5,1,free,A/B Testing
Min Martinez,min.martinez@coremetrics.com,CoreMetrics,2026-04-09,18,12,3,pro,Campaign Builder
Caleb Miller,caleb.miller@zenithtech.com,ZenithTech,2026-04-03,71,11,1,pro,CRM Contacts
Yuki Li,yuki.li@cloudpeak.com,CloudPeak,2026-04-11,61,35,6,enterprise,A/B Testing
Katya Patel,katya.patel@velocityio.com,VelocityIO,2026-03-13,19,2,0,starter,Automation Rules
Mei Martin,mei.martin@digitalfirstco.com,DigitalFirst Co,2026-04-14,26,24,1,starter,Smart Segments
Noah Petrov,noah.petrov@nextgenretail.com,NextGen Retail,2026-04-08,61,6,0,enterprise,Analytics Dashboard
Aria Robinson,aria.robinson@meridianlabs.com,Meridian Labs,2026-04-15,42,9,0,pro,CRM Contacts
Liam Tanaka,liam.tanaka@catalysthq.com,Catalyst HQ,2026-04-16,194,33,8,pro,CRM Contacts
Harper White,harper.white@catalysthq.com,Catalyst HQ,2025-05-13,13,3,1,free,Email Templates
Jayden Yamamoto,jayden.yamamoto@growthco.com,GrowthCo,2026-04-16,57,29,4,enterprise,Automation Rules
William Ivanov,william.ivanov@smartbizsolutions.com,SmartBiz Solutions,2026-03-22,35,14,3,starter,Automation Rules
Liam Johnson,liam.johnson@smartbizsolutions.com,SmartBiz Solutions,2026-04-11,75,35,3,free,AI Assistant
Omar Scott,omar.scott@techstartinc.com,TechStart Inc,2025-11-01,13,2,1,free,Smart Segments
Ryan Perez,ryan.perez@blueskyanalytics.com,BlueSky Analytics,2026-03-18,20,20,0,free,Campaign Builder
Ahmed Torres,ahmed.torres@coremetrics.com,CoreMetrics,2026-03-21,78,21,0,starter,Smart Segments
Samuel Rivera,samuel.rivera@velocityio.com,VelocityIO,2026-04-13,65,20,3,pro,Email Templates
Caleb Sanchez,caleb.sanchez@cloudpeak.com,CloudPeak,2026-03-09,14,2,1,starter,Automation Rules
Matthew Taylor,matthew.taylor@nextgenretail.com,NextGen Retail,2025-06-14,15,0,1,free,Integrations
Raj Lewis,raj.lewis@brightpath.com,Brightpath,2026-03-22,67,24,0,free,Integrations
Ava Lewis,ava.lewis@smartbizsolutions.com,SmartBiz Solutions,2026-02-22,12,10,0,starter,Smart Segments
Abigail Li,abigail.li@catalysthq.com,Catalyst HQ,2025-07-12,4,1,0,free,A/B Testing
Jayden Jackson,jayden.jackson@swiftops.com,SwiftOps,2025-09-03,1,5,0,free,CRM Contacts
James Young,james.young@nextgenretail.com,NextGen Retail,2026-04-09,67,25,1,starter,CRM Contacts
Samuel Ramirez,samuel.ramirez@primescale.com,PrimeScale,2025-08-11,12,4,0,free,A/B Testing
Scarlett White,scarlett.white@velocityio.com,VelocityIO,2025-08-08,12,3,0,pro,Reports
Katya Nelson,katya.nelson@meridianlabs.com,Meridian Labs,2025-06-08,7,5,0,starter,Analytics Dashboard
Sana Scott,sana.scott@brightpath.com,Brightpath,2026-02-24,12,5,0,enterprise,Integrations
Chen Carter,chen.carter@zenithtech.com,ZenithTech,2026-02-13,12,7,1,starter,Analytics Dashboard
Olivia Clark,olivia.clark@swiftops.com,SwiftOps,2026-03-25,45,6,2,pro,Campaign Builder
Avery Wang,avery.wang@swiftops.com,SwiftOps,2026-04-03,58,7,3,starter,CRM Contacts
Aisha Garcia,aisha.garcia@cloudpeak.com,CloudPeak,2026-04-15,131,46,8,enterprise,Email Templates
Noah White,noah.white@growthco.com,GrowthCo,2026-03-29,35,24,4,enterprise,Smart Segments
Penelope Jones,penelope.jones@techstartinc.com,TechStart Inc,2026-03-13,15,3,1,pro,Smart Segments
Mason Harris,mason.harris@blueskyanalytics.com,BlueSky Analytics,2025-10-23,8,2,1,free,Analytics Dashboard
Lucas Yamamoto,lucas.yamamoto@techstartinc.com,TechStart Inc,2025-08-16,14,5,1,starter,Smart Segments
Jack Yamamoto,jack.yamamoto@blueskyanalytics.com,BlueSky Analytics,2026-03-25,49,17,0,starter,Campaign Builder
Rosa Martinez,rosa.martinez@techstartinc.com,TechStart Inc,2026-02-20,23,1,1,starter,Smart Segments
Min Wilson,min.wilson@smartbizsolutions.com,SmartBiz Solutions,2026-02-12,18,2,1,free,Reports
Lily Hill,lily.hill@innovatecorp.com,InnovateCorp,2025-05-18,9,3,1,free,Analytics Dashboard
Riley Johnson,riley.johnson@brightpath.com,Brightpath,2026-02-21,10,7,0,free,Integrations
Emily Wright,emily.wright@techstartinc.com,TechStart Inc,2025-07-20,6,1,1,free,Email Templates
Hassan Sanchez,hassan.sanchez@alphaflow.com,AlphaFlow,2025-11-20,0,1,0,free,Integrations
Jack Roberts,jack.roberts@cloudpeak.com,CloudPeak,2026-03-04,9,4,0,free,Integrations
Riley Ramirez,riley.ramirez@pulsepoint.com,PulsePoint,2025-09-27,11,1,0,starter,Analytics Dashboard
Emily Clark,emily.clark@alphaflow.com,AlphaFlow,2025-11-21,5,5,0,free,Reports
Charlotte Scott,charlotte.scott@datadrivenllc.com,DataDriven LLC,2025-04-17,5,2,1,starter,Smart Segments
Liam Chen,liam.chen@summitdigital.com,Summit Digital,2026-03-18,16,6,0,enterprise,Integrations
Wei Sanchez,wei.sanchez@smartbizsolutions.com,SmartBiz Solutions,2026-03-17,64,6,2,pro,AI Assistant
Aiden Lewis,aiden.lewis@alphaflow.com,AlphaFlow,2026-04-05,55,14,4,starter,CRM Contacts
Ivan Rodriguez,ivan.rodriguez@alphaflow.com,AlphaFlow,2026-03-19,34,18,2,starter,Integrations
Scarlett Miller,scarlett.miller@datadrivenllc.com,DataDriven LLC,2026-03-21,23,1,0,free,Reports
Evelyn Allen,evelyn.allen@summitdigital.com,Summit Digital,2026-03-17,52,7,3,free,Campaign Builder
Noah Flores,noah.flores@meridianlabs.com,Meridian Labs,2026-02-12,11,8,0,free,Integrations
Katya Shah,katya.shah@nextgenretail.com,NextGen Retail,2026-02-26,18,4,0,free,Automation Rules
Emily Campbell,emily.campbell@alphaflow.com,AlphaFlow,2026-03-25,16,18,3,starter,Analytics Dashboard
Ethan Patel,ethan.patel@coremetrics.com,CoreMetrics,2026-04-03,73,6,1,pro,CRM Contacts
Chloe Allen,chloe.allen@digitalfirstco.com,DigitalFirst Co,2025-10-03,8,0,1,free,Reports
Riley Thompson,riley.thompson@cloudpeak.com,CloudPeak,2026-04-13,46,16,4,pro,CRM Contacts
Jayden Wilson,jayden.wilson@datadrivenllc.com,DataDriven LLC,2025-11-11,13,4,0,starter,A/B Testing
Lucas Ivanov,lucas.ivanov@coremetrics.com,CoreMetrics,2026-04-10,176,23,5,starter,A/B Testing
Scarlett Johnson,scarlett.johnson@catalysthq.com,Catalyst HQ,2026-04-08,60,11,3,pro,Smart Segments
Aisha Jackson,aisha.jackson@digitalfirstco.com,DigitalFirst Co,2026-04-09,161,42,7,enterprise,Smart Segments
Caleb Rivera,caleb.rivera@meridianlabs.com,Meridian Labs,2025-05-07,7,1,1,free,A/B Testing
Sofia Ramirez,sofia.ramirez@techstartinc.com,TechStart Inc,2026-03-23,57,18,0,starter,Integrations
Mia Yamamoto,mia.yamamoto@nextgenretail.com,NextGen Retail,2026-02-15,24,5,1,free,Automation Rules
Grace Carter,grace.carter@alphaflow.com,AlphaFlow,2026-04-10,195,34,2,pro,AI Assistant
Owen Harris,owen.harris@catalysthq.com,Catalyst HQ,2026-04-15,55,18,10,pro,CRM Contacts
Katya Yamamoto,katya.yamamoto@coremetrics.com,CoreMetrics,2026-04-09,74,59,10,pro,Smart Segments
Katya Jones,katya.jones@brightpath.com,Brightpath,2026-04-01,48,21,2,pro,Automation Rules
Daniel Anderson,daniel.anderson@digitalfirstco.com,DigitalFirst Co,2026-02-21,23,4,0,free,Smart Segments
Ethan Adams,ethan.adams@cloudpeak.com,CloudPeak,2025-11-04,9,3,1,free,Reports
Jayden Brown,jayden.brown@blueskyanalytics.com,BlueSky Analytics,2026-03-27,39,21,3,starter,Reports
Scarlett Wang,scarlett.wang@brightpath.com,Brightpath,2026-04-02,20,5,0,pro,Campaign Builder
Nathan Wright,nathan.wright@swiftops.com,SwiftOps,2026-04-06,80,8,0,enterprise,Reports
Mia Roberts,mia.roberts@zenithtech.com,ZenithTech,2026-03-26,9,8,0,pro,Analytics Dashboard
Amelia Jones,amelia.jones@summitdigital.com,Summit Digital,2026-03-24,66,6,3,starter,AI Assistant
Matthew Chen,matthew.chen@summitdigital.com,Summit Digital,2026-04-11,95,24,10,pro,Integrations
Aisha Hall,aisha.hall@brightpath.com,Brightpath,2026-03-30,25,8,1,free,Email Templates
Abigail Martin,abigail.martin@smartbizsolutions.com,SmartBiz Solutions,2026-02-08,17,6,1,free,AI Assistant
Leila White,leila.white@alphaflow.com,AlphaFlow,2026-03-29,24,11,1,free,CRM Contacts
Ryan Chen,ryan.chen@swiftops.com,SwiftOps,2026-03-04,15,8,0,free,CRM Contacts
Gabriel Kumar,gabriel.kumar@datadrivenllc.com,DataDriven LLC,2026-03-22,60,18,4,free,Campaign Builder
Jayden Taylor,jayden.taylor@zenithtech.com,ZenithTech,2025-06-17,14,3,0,free,Analytics Dashboard
Jack Campbell,jack.campbell@techstartinc.com,TechStart Inc,2025-07-09,11,0,0,free,Automation Rules
Rosa Robinson,rosa.robinson@alphaflow.com,AlphaFlow,2026-01-29,3,9,0,free,Analytics Dashboard
Luke Smith,luke.smith@nextgenretail.com,NextGen Retail,2026-03-28,14,7,0,pro,Automation Rules
Jack Scott,jack.scott@primescale.com,PrimeScale,2026-04-03,42,19,4,free,A/B Testing
Evelyn Taylor,evelyn.taylor@meridianlabs.com,Meridian Labs,2026-04-15,77,33,8,pro,Automation Rules
Olivia Sato,olivia.sato@datadrivenllc.com,DataDriven LLC,2025-07-09,0,5,0,free,Analytics Dashboard
Jack Hall,jack.hall@cloudpeak.com,CloudPeak,2026-01-19,22,5,1,free,AI Assistant
Harper Anderson,harper.anderson@meridianlabs.com,Meridian Labs,2026-04-04,53,5,4,enterprise,CRM Contacts
Avery Kim,avery.kim@growthco.com,GrowthCo,2026-01-28,17,8,1,free,Reports
Ahmed Perez,ahmed.perez@innovatecorp.com,InnovateCorp,2025-09-06,10,1,0,free,Analytics Dashboard
Ava Singh,ava.singh@alphaflow.com,AlphaFlow,2026-04-10,108,24,9,pro,Campaign Builder
Jack Robinson,jack.robinson@datadrivenllc.com,DataDriven LLC,2026-02-15,3,4,1,free,Analytics Dashboard
Evelyn Torres,evelyn.torres@innovatecorp.com,InnovateCorp,2026-04-15,86,51,7,pro,Analytics Dashboard
Daniel Petrov,daniel.petrov@digitalfirstco.com,DigitalFirst Co,2025-07-28,10,5,0,free,CRM Contacts
Charlotte Ramirez,charlotte.ramirez@innovatecorp.com,InnovateCorp,2026-03-25,65,22,2,starter,Automation Rules
Harper Brown,harper.brown@coremetrics.com,CoreMetrics,2026-04-12,104,40,9,enterprise,Reports
Katya King,katya.king@primescale.com,PrimeScale,2026-01-20,16,2,1,free,CRM Contacts
Sophia Young,sophia.young@pulsepoint.com,PulsePoint,2026-04-11,53,38,4,free,Integrations
Olivia Martinez,olivia.martinez@coremetrics.com,CoreMetrics,2026-04-16,159,57,4,enterprise,AI Assistant
Penelope Patel,penelope.patel1@swiftops.com,SwiftOps,2026-02-08,3,10,1,free,Email Templates
Akira Thompson,akira.thompson@swiftops.com,SwiftOps,2026-04-14,31,18,1,pro,CRM Contacts
Emily Martin,emily.martin@alphaflow.com,AlphaFlow,2026-04-14,141,51,10,pro,Automation Rules
Penelope Shah,penelope.shah@blueskyanalytics.com,BlueSky Analytics,2026-03-28,27,9,3,pro,Analytics Dashboard
Min Harris,min.harris@innovatecorp.com,InnovateCorp,2026-03-18,44,14,2,starter,Email Templates
Ahmed Ramirez,ahmed.ramirez@nextgenretail.com,NextGen Retail,2026-04-03,39,17,4,pro,Email Templates
Min Ivanov,min.ivanov@techstartinc.com,TechStart Inc,2026-01-31,4,6,0,free,Email Templates
Omar Anderson,omar.anderson@cloudpeak.com,CloudPeak,2026-03-21,25,7,0,free,Integrations
Raj Shah,raj.shah@nextgenretail.com,NextGen Retail,2026-04-14,75,20,4,free,A/B Testing
Chloe Chen,chloe.chen@pulsepoint.com,PulsePoint,2025-08-09,6,4,1,free,Integrations
Akira Walker,akira.walker@smartbizsolutions.com,SmartBiz Solutions,2026-03-30,46,19,0,free,Integrations
Jayden Kumar,jayden.kumar@pulsepoint.com,PulsePoint,2026-01-20,20,2,0,free,Analytics Dashboard
Fatima Li,fatima.li@catalysthq.com,Catalyst HQ,2026-02-05,12,4,0,free,CRM Contacts
Omar Young,omar.young@growthco.com,GrowthCo,2025-09-12,5,4,1,free,Automation Rules
Sophia Rivera,sophia.rivera@summitdigital.com,Summit Digital,2026-02-28,15,2,1,enterprise,Integrations
Harper Nguyen,harper.nguyen@coremetrics.com,CoreMetrics,2025-11-06,0,3,0,free,CRM Contacts
Sofia Harris,sofia.harris@techstartinc.com,TechStart Inc,2026-04-12,43,22,2,starter,AI Assistant
Sana Petrov,sana.petrov@cloudpeak.com,CloudPeak,2026-04-11,43,12,1,starter,AI Assistant
Rosa Nelson,rosa.nelson@techstartinc.com,TechStart Inc,2026-04-14,73,22,2,enterprise,Analytics Dashboard
Ethan Scott,ethan.scott@innovatecorp.com,InnovateCorp,2025-11-10,11,2,0,free,Campaign Builder
Sana Hall,sana.hall@datadrivenllc.com,DataDriven LLC,2026-04-11,54,14,4,pro,Reports
Rosa Thompson,rosa.thompson@zenithtech.com,ZenithTech,2026-04-12,60,44,8,pro,Analytics Dashboard
William Young,william.young@alphaflow.com,AlphaFlow,2026-03-26,19,9,0,pro,Integrations
Caleb Lewis,caleb.lewis@digitalfirstco.com,DigitalFirst Co,2026-04-13,58,16,3,enterprise,Smart Segments
William Williams,william.williams@coremetrics.com,CoreMetrics,2026-02-02,8,1,0,pro,Email Templates
Dmitri Rodriguez,dmitri.rodriguez@catalysthq.com,Catalyst HQ,2025-07-06,10,4,0,free,Reports
Ava Patel,ava.patel1@pulsepoint.com,PulsePoint,2025-08-27,11,4,1,free,Campaign Builder
Sofia Garcia,sofia.garcia@innovatecorp.com,InnovateCorp,2026-04-09,45,15,3,pro,Smart Segments
Akira Carter,akira.carter@nextgenretail.com,NextGen Retail,2026-02-27,6,9,1,free,Smart Segments
Nathan Scott,nathan.scott@catalysthq.com,Catalyst HQ,2025-09-03,3,2,1,free,A/B Testing
Amelia Thompson,amelia.thompson@innovatecorp.com,InnovateCorp,2026-04-11,72,22,0,pro,Integrations
Aiden Hill,aiden.hill@catalysthq.com,Catalyst HQ,2026-01-07,6,3,0,free,Analytics Dashboard
Ryan Lee,ryan.lee@nextgenretail.com,NextGen Retail,2026-04-01,44,10,4,free,Smart Segments
Gabriel Li,gabriel.li@catalysthq.com,Catalyst HQ,2026-04-14,21,15,2,starter,A/B Testing
Aisha Adams,aisha.adams@datadrivenllc.com,DataDriven LLC,2025-07-04,15,5,1,free,Campaign Builder
Ethan White,ethan.white@coremetrics.com,CoreMetrics,2026-03-06,22,5,0,free,A/B Testing
Carlos Green,carlos.green@alphaflow.com,AlphaFlow,2026-02-12,13,1,0,free,AI Assistant
Daniel Shah,daniel.shah@cloudpeak.com,CloudPeak,2026-04-10,121,38,8,enterprise,Reports
Daniel Kim,daniel.kim@velocityio.com,VelocityIO,2026-03-26,23,25,3,starter,A/B Testing
Priya Sato,priya.sato@smartbizsolutions.com,SmartBiz Solutions,2025-11-22,3,3,0,free,AI Assistant
Mei Wilson,mei.wilson@datadrivenllc.com,DataDriven LLC,2025-08-24,4,0,0,free,AI Assistant
Dmitri Brown,dmitri.brown@smartbizsolutions.com,SmartBiz Solutions,2026-03-31,53,14,3,starter,Integrations
Abigail Lopez,abigail.lopez@blueskyanalytics.com,BlueSky Analytics,2026-03-15,17,6,0,free,Campaign Builder
Akira Hernandez,akira.hernandez@cloudpeak.com,CloudPeak,2025-07-19,10,2,1,free,Reports
Sebastian Hernandez,sebastian.hernandez@meridianlabs.com,Meridian Labs,2026-04-10,90,36,8,enterprise,Reports
Olivia Flores,olivia.flores@datadrivenllc.com,DataDriven LLC,2026-03-03,15,6,0,starter,AI Assistant
Nathan Hall,nathan.hall@blueskyanalytics.com,BlueSky Analytics,2026-03-20,57,23,3,starter,Email Templates
Ava Flores,ava.flores@meridianlabs.com,Meridian Labs,2026-03-21,80,10,3,enterprise,AI Assistant
Carlos Thompson,carlos.thompson@meridianlabs.com,Meridian Labs,2025-08-26,9,5,0,free,A/B Testing
Luke Thompson,luke.thompson@coremetrics.com,CoreMetrics,2026-04-10,61,41,5,starter,AI Assistant
Dmitri Perez,dmitri.perez@pulsepoint.com,PulsePoint,2025-04-20,0,5,0,free,Automation Rules
Benjamin Carter,benjamin.carter@cloudpeak.com,CloudPeak,2026-02-27,11,9,0,free,A/B Testing
Abigail Shah,abigail.shah@smartbizsolutions.com,SmartBiz Solutions,2026-04-13,112,49,6,pro,Smart Segments
Elizabeth Nelson,elizabeth.nelson@growthco.com,GrowthCo,2026-02-05,25,3,0,starter,CRM Contacts
Isabella Davis,isabella.davis@innovatecorp.com,InnovateCorp,2026-03-21,30,23,2,starter,AI Assistant
Samuel Brown,samuel.brown@cloudpeak.com,CloudPeak,2026-04-09,40,13,3,enterprise,AI Assistant
Isabella Davis,isabella.davis@swiftops.com,SwiftOps,2026-04-13,147,56,7,pro,Analytics Dashboard
Riley Garcia,riley.garcia@summitdigital.com,Summit Digital,2026-04-16,117,57,6,enterprise,Analytics Dashboard
Ryan Rodriguez,ryan.rodriguez@digitalfirstco.com,DigitalFirst Co,2025-09-04,3,2,1,free,Email Templates
Min Walker,min.walker@nextgenretail.com,NextGen Retail,2026-01-20,24,1,1,free,Integrations
Sebastian Williams,sebastian.williams@pulsepoint.com,PulsePoint,2026-03-29,23,14,4,pro,Email Templates
Wei Campbell,wei.campbell@catalysthq.com,Catalyst HQ,2026-03-17,41,23,4,pro,Smart Segments
Ivan Carter,ivan.carter@coremetrics.com,CoreMetrics,2026-04-04,49,18,4,free,Smart Segments
Ava Davis,ava.davis@coremetrics.com,CoreMetrics,2026-03-28,80,21,2,starter,Email Templates
Amelia Kumar,amelia.kumar@pulsepoint.com,PulsePoint,2026-04-10,162,29,7,enterprise,Smart Segments
Liam Miller,liam.miller@pulsepoint.com,PulsePoint,2026-04-04,33,21,4,starter,A/B Testing
Leo King,leo.king@zenithtech.com,ZenithTech,2026-04-12,83,51,3,pro,Smart Segments
Avery Scott,avery.scott@brightpath.com,Brightpath,2026-01-28,15,10,1,free,Email Templates
Fatima Thomas,fatima.thomas@blueskyanalytics.com,BlueSky Analytics,2025-05-11,12,0,1,starter,AI Assistant
Emily Chen,emily.chen@smartbizsolutions.com,SmartBiz Solutions,2026-04-09,73,33,9,pro,Analytics Dashboard
Riley Roberts,riley.roberts@pulsepoint.com,PulsePoint,2026-03-23,20,5,0,free,Email Templates
Sana Sanchez,sana.sanchez@blueskyanalytics.com,BlueSky Analytics,2026-04-09,54,17,4,enterprise,Campaign Builder
Noah Taylor,noah.taylor@datadrivenllc.com,DataDriven LLC,2026-04-09,158,57,3,enterprise,A/B Testing
Alexander Torres,alexander.torres@nextgenretail.com,NextGen Retail,2026-03-24,35,11,1,enterprise,CRM Contacts
Owen Garcia,owen.garcia@datadrivenllc.com,DataDriven LLC,2025-06-08,1,3,1,free,A/B Testing
Min Hall,min.hall@meridianlabs.com,Meridian Labs,2026-04-11,167,28,2,pro,AI Assistant
Charlotte White,charlotte.white@datadrivenllc.com,DataDriven LLC,2025-11-29,4,1,1,free,Analytics Dashboard
Omar Harris,omar.harris@cloudpeak.com,CloudPeak,2026-04-03,45,5,4,pro,A/B Testing
Katya Shah,katya.shah@velocityio.com,VelocityIO,2025-05-05,6,0,1,free,Automation Rules
Dmitri Johnson,dmitri.johnson@growthco.com,GrowthCo,2025-08-16,10,4,0,free,Analytics Dashboard
Amelia Ivanov,amelia.ivanov@brightpath.com,Brightpath,2025-10-03,0,4,1,free,Smart Segments
Lily Harris,lily.harris@swiftops.com,SwiftOps,2026-04-16,183,18,10,enterprise,Analytics Dashboard
Jack Jackson,jack.jackson@growthco.com,GrowthCo,2026-03-26,79,9,0,pro,Integrations
Penelope Garcia,penelope.garcia@digitalfirstco.com,DigitalFirst Co,2026-04-10,79,14,3,pro,Automation Rules
Samuel Baker,samuel.baker@growthco.com,GrowthCo,2026-01-28,3,7,1,free,Smart Segments
Grace Gonzalez,grace.gonzalez@growthco.com,GrowthCo,2025-09-25,4,1,1,free,Analytics Dashboard
Priya Sanchez,priya.sanchez@digitalfirstco.com,DigitalFirst Co,2026-03-30,20,5,0,starter,A/B Testing
William Jones,william.jones@brightpath.com,Brightpath,2026-04-05,55,19,1,starter,A/B Testing
Ryan Scott,ryan.scott@datadrivenllc.com,DataDriven LLC,2026-03-30,66,16,4,starter,Reports
Aisha Das,aisha.das@meridianlabs.com,Meridian Labs,2026-04-08,48,8,0,starter,Analytics Dashboard
Ella Anderson,ella.anderson@coremetrics.com,CoreMetrics,2026-01-31,14,8,1,free,A/B Testing
Jack Li,jack.li@zenithtech.com,ZenithTech,2025-08-13,9,1,0,free,CRM Contacts
Mason Torres,mason.torres@alphaflow.com,AlphaFlow,2026-04-09,152,49,3,enterprise,Integrations
Gabriel Harris,gabriel.harris@nextgenretail.com,NextGen Retail,2026-03-22,15,3,1,starter,Reports
Lucas Wilson,lucas.wilson@cloudpeak.com,CloudPeak,2026-03-06,11,6,1,enterprise,CRM Contacts
Mei Gonzalez,mei.gonzalez@innovatecorp.com,InnovateCorp,2026-04-13,161,24,8,pro,Email Templates
Benjamin Martin,benjamin.martin@techstartinc.com,TechStart Inc,2026-03-10,22,6,1,enterprise,A/B Testing
Mia Baker,mia.baker@alphaflow.com,AlphaFlow,2026-03-27,61,8,1,pro,Integrations
William Thomas,william.thomas@cloudpeak.com,CloudPeak,2026-04-15,113,39,5,pro,Analytics Dashboard
Emma Shah,emma.shah@brightpath.com,Brightpath,2026-04-05,59,7,1,starter,Email Templates
Evelyn Williams,evelyn.williams@coremetrics.com,CoreMetrics,2025-08-04,6,5,1,free,Automation Rules
Evelyn Scott,evelyn.scott@meridianlabs.com,Meridian Labs,2026-03-25,78,13,3,pro,Smart Segments
Mason Flores,mason.flores@nextgenretail.com,NextGen Retail,2026-04-10,109,58,7,enterprise,Analytics Dashboard
Hassan Adams,hassan.adams@cloudpeak.com,CloudPeak,2025-08-28,9,2,0,starter,CRM Contacts
Hassan Anderson,hassan.anderson@growthco.com,GrowthCo,2026-03-27,69,5,2,pro,AI Assistant
Sana Lopez,sana.lopez@pulsepoint.com,PulsePoint,2025-10-30,4,2,1,free,Analytics Dashboard
Wei Flores,wei.flores@smartbizsolutions.com,SmartBiz Solutions,2026-03-19,24,24,3,pro,Reports
Min Campbell,min.campbell@nextgenretail.com,NextGen Retail,2025-09-14,14,4,0,starter,Integrations
Alexander Garcia,alexander.garcia@digitalfirstco.com,DigitalFirst Co,2026-03-30,34,9,0,free,A/B Testing
Amelia Allen,amelia.allen@innovatecorp.com,InnovateCorp,2026-04-06,79,12,0,starter,Email Templates
Carlos Perez,carlos.perez@swiftops.com,SwiftOps,2026-04-14,68,6,3,starter,Email Templates
Ethan Kumar,ethan.kumar@pulsepoint.com,PulsePoint,2026-04-11,60,8,3,pro,Reports
Sebastian Green,sebastian.green@catalysthq.com,Catalyst HQ,2026-04-10,89,16,9,pro,Campaign Builder
Elizabeth Nelson,elizabeth.nelson@digitalfirstco.com,DigitalFirst Co,2026-04-15,110,37,3,enterprise,Reports
Alexander Shah,alexander.shah@swiftops.com,SwiftOps,2025-10-14,13,1,0,free,Email Templates
Grace Hill,grace.hill@catalysthq.com,Catalyst HQ,2025-10-09,4,1,1,free,A/B Testing
Riley Smith,riley.smith@brightpath.com,Brightpath,2025-04-16,8,4,1,free,Campaign Builder
Mia Sato,mia.sato@techstartinc.com,TechStart Inc,2025-07-03,12,1,1,free,AI Assistant
Priya Sato,priya.sato@nextgenretail.com,NextGen Retail,2026-03-27,41,13,0,pro,Reports
Victoria Ramirez,victoria.ramirez@primescale.com,PrimeScale,2026-04-02,38,12,2,pro,Campaign Builder
Riley Thomas,riley.thomas@techstartinc.com,TechStart Inc,2026-03-28,18,10,0,starter,Email Templates
Ella Adams,ella.adams@coremetrics.com,CoreMetrics,2025-07-08,7,2,0,free,Campaign Builder
Zoey Green,zoey.green@pulsepoint.com,PulsePoint,2025-09-15,15,3,1,free,Automation Rules
Hassan Allen,hassan.allen@coremetrics.com,CoreMetrics,2025-09-27,3,5,1,free,CRM Contacts
Victoria Roberts,victoria.roberts@techstartinc.com,TechStart Inc,2026-03-22,50,16,4,enterprise,Smart Segments
William White,william.white@summitdigital.com,Summit Digital,2025-06-11,7,1,0,pro,Campaign Builder
Katya Ramirez,katya.ramirez@cloudpeak.com,CloudPeak,2026-04-11,24,7,1,free,CRM Contacts
Riley Brown,riley.brown@cloudpeak.com,CloudPeak,2026-03-06,15,7,1,starter,Smart Segments
Owen Singh,owen.singh@growthco.com,GrowthCo,2025-05-18,15,2,0,free,Smart Segments
Sana Jones,sana.jones@techstartinc.com,TechStart Inc,2025-06-10,15,0,1,free,Smart Segments
Olivia Garcia,olivia.garcia@cloudpeak.com,CloudPeak,2025-08-03,9,0,1,free,A/B Testing
Zoey Mitchell,zoey.mitchell@coremetrics.com,CoreMetrics,2025-09-12,0,4,1,free,Smart Segments
Grace Green,grace.green@digitalfirstco.com,DigitalFirst Co,2025-09-22,4,2,1,free,AI Assistant
Emma Young,emma.young@coremetrics.com,CoreMetrics,2026-04-16,68,23,3,enterprise,CRM Contacts
Avery Sato,avery.sato@swiftops.com,SwiftOps,2026-04-13,137,32,5,pro,Automation Rules
Dylan White,dylan.white@meridianlabs.com,Meridian Labs,2026-03-23,80,18,4,starter,CRM Contacts
Olivia Hernandez,olivia.hernandez@catalysthq.com,Catalyst HQ,2026-03-25,25,1,1,free,Email Templates
Harper Moore,harper.moore@innovatecorp.com,InnovateCorp,2026-03-24,15,20,4,starter,Email Templates
Ava Garcia,ava.garcia@meridianlabs.com,Meridian Labs,2025-11-22,13,4,1,free,Automation Rules
Leila Sanchez,leila.sanchez@digitalfirstco.com,DigitalFirst Co,2026-04-11,93,47,4,pro,Automation Rules
Mia Davis,mia.davis@meridianlabs.com,Meridian Labs,2026-02-22,21,4,0,pro,Integrations
Aiden Roberts,aiden.roberts@innovatecorp.com,InnovateCorp,2026-04-09,140,15,5,enterprise,Automation Rules
Nathan Chen,nathan.chen@nextgenretail.com,NextGen Retail,2026-04-10,101,32,3,pro,Reports
Lily Martin,lily.martin@summitdigital.com,Summit Digital,2026-04-15,90,33,7,enterprise,CRM Contacts
Amelia Clark,amelia.clark@swiftops.com,SwiftOps,2025-10-26,15,5,1,free,CRM Contacts
Omar Kumar,omar.kumar@brightpath.com,Brightpath,2026-04-09,71,32,5,pro,Analytics Dashboard
Omar Davis,omar.davis@nextgenretail.com,NextGen Retail,2026-03-31,11,3,1,free,AI Assistant
Rosa Lewis,rosa.lewis@smartbizsolutions.com,SmartBiz Solutions,2025-05-08,15,5,0,pro,Email Templates
Carlos Mitchell,carlos.mitchell@growthco.com,GrowthCo,2026-03-28,72,18,2,starter,Smart Segments
Leo Johnson,leo.johnson@primescale.com,PrimeScale,2025-07-24,2,2,1,free,A/B Testing
Mia Hall,mia.hall@primescale.com,PrimeScale,2025-10-10,1,5,1,free,A/B Testing
Isabella Young,isabella.young@catalysthq.com,Catalyst HQ,2026-03-22,37,24,2,starter,Integrations
Aria Kumar,aria.kumar@zenithtech.com,ZenithTech,2025-11-23,8,1,1,free,AI Assistant
Nathan Taylor,nathan.taylor@alphaflow.com,AlphaFlow,2026-03-29,18,5,3,pro,Analytics Dashboard
Abigail Perez,abigail.perez@summitdigital.com,Summit Digital,2026-04-16,83,54,4,starter,A/B Testing
Aria Taylor,aria.taylor@catalysthq.com,Catalyst HQ,2026-03-12,20,8,1,starter,AI Assistant
Evelyn Harris,evelyn.harris@zenithtech.com,ZenithTech,2025-06-23,3,3,1,free,Integrations
Noah King,noah.king@cloudpeak.com,CloudPeak,2025-11-16,14,1,1,free,Integrations
Ethan Baker,ethan.baker@digitalfirstco.com,DigitalFirst Co,2026-04-15,97,35,10,starter,A/B Testing
Sofia Patel,sofia.patel@datadrivenllc.com,DataDriven LLC,2026-04-14,138,59,6,enterprise,Campaign Builder
Sana Campbell,sana.campbell@innovatecorp.com,InnovateCorp,2025-10-12,6,0,0,starter,Integrations
Aria Mitchell,aria.mitchell@coremetrics.com,CoreMetrics,2026-01-10,5,1,1,free,Smart Segments
Priya Yamamoto,priya.yamamoto@primescale.com,PrimeScale,2026-04-15,53,54,9,free,Automation Rules
Aisha Rivera,aisha.rivera@pulsepoint.com,PulsePoint,2026-03-29,21,10,1,free,Email Templates
Dmitri Shah,dmitri.shah@datadrivenllc.com,DataDriven LLC,2026-01-17,20,3,1,free,CRM Contacts
Alexander Gonzalez,alexander.gonzalez@cloudpeak.com,CloudPeak,2026-02-03,14,1,1,free,AI Assistant
Ella Singh,ella.singh@velocityio.com,VelocityIO,2026-03-22,70,8,3,pro,Campaign Builder
Mei Roberts,mei.roberts@swiftops.com,SwiftOps,2026-03-14,11,8,1,free,AI Assistant
Lily Sato,lily.sato@brightpath.com,Brightpath,2025-09-04,4,2,1,free,A/B Testing
Carlos Wilson,carlos.wilson@blueskyanalytics.com,BlueSky Analytics,2026-04-15,166,55,5,pro,Email Templates
Olivia Walker,olivia.walker@growthco.com,GrowthCo,2025-06-25,6,2,0,free,Integrations
Sana Gonzalez,sana.gonzalez@summitdigital.com,Summit Digital,2026-04-01,36,25,0,starter,AI Assistant
Ava Tanaka,ava.tanaka@coremetrics.com,CoreMetrics,2025-05-12,14,4,0,free,Email Templates
Raj Li,raj.li@meridianlabs.com,Meridian Labs,2026-04-04,56,20,3,enterprise,Smart Segments
Leo Clark,leo.clark@swiftops.com,SwiftOps,2026-04-15,55,23,1,pro,Integrations
Nathan Singh,nathan.singh@growthco.com,GrowthCo,2026-02-17,21,4,0,free,Automation Rules
Abigail Smith,abigail.smith@primescale.com,PrimeScale,2026-03-15,11,7,1,free,AI Assistant
Fatima Jones,fatima.jones@primescale.com,PrimeScale,2026-03-30,39,17,3,starter,Email Templates
Mia Kim,mia.kim@nextgenretail.com,NextGen Retail,2026-02-23,17,6,0,free,CRM Contacts
Raj Lewis,raj.lewis@nextgenretail.com,NextGen Retail,2026-04-10,153,53,10,pro,Email Templates
Hassan Scott,hassan.scott@smartbizsolutions.com,SmartBiz Solutions,2026-02-19,21,5,1,free,Campaign Builder
Fatima Rodriguez,fatima.rodriguez@datadrivenllc.com,DataDriven LLC,2025-05-04,3,1,1,free,Reports
Emily Kumar,emily.kumar@catalysthq.com,Catalyst HQ,2025-07-08,9,1,1,free,Integrations
Chloe King,chloe.king@brightpath.com,Brightpath,2026-02-07,6,6,0,free,Analytics Dashboard
Chloe Scott,chloe.scott@meridianlabs.com,Meridian Labs,2026-02-10,8,3,1,free,Campaign Builder
Gabriel Rivera,gabriel.rivera@smartbizsolutions.com,SmartBiz Solutions,2025-12-13,14,2,0,free,Automation Rules
Omar Nguyen,omar.nguyen@pulsepoint.com,PulsePoint,2025-08-22,6,4,1,free,Reports
Harper Perez,harper.perez@alphaflow.com,AlphaFlow,2026-03-28,11,5,1,starter,A/B Testing
Nathan Thompson,nathan.thompson@pulsepoint.com,PulsePoint,2026-04-15,144,20,4,enterprise,CRM Contacts
Carlos Harris,carlos.harris@velocityio.com,VelocityIO,2026-04-05,43,23,1,starter,CRM Contacts
Akira Harris,akira.harris@blueskyanalytics.com,BlueSky Analytics,2025-11-28,9,1,1,starter,Email Templates
Priya Moore,priya.moore@coremetrics.com,CoreMetrics,2026-02-08,17,7,1,free,Analytics Dashboard
Abigail Lopez,abigail.lopez1@blueskyanalytics.com,BlueSky Analytics,2026-04-13,46,12,0,pro,AI Assistant
Hassan Patel,hassan.patel@swiftops.com,SwiftOps,2025-12-24,14,5,0,free,Integrations
Ahmed Allen,ahmed.allen@brightpath.com,Brightpath,2026-04-15,47,5,4,starter,Automation Rules
Ella Perez,ella.perez@innovatecorp.com,InnovateCorp,2026-03-27,22,1,1,free,Integrations
Emily Perez,emily.perez@datadrivenllc.com,DataDriven LLC,2026-01-22,8,8,0,free,CRM Contacts
Wei Thompson,wei.thompson@techstartinc.com,TechStart Inc,2026-04-03,70,5,0,enterprise,AI Assistant
Gabriel Wilson,gabriel.wilson@blueskyanalytics.com,BlueSky Analytics,2025-10-23,4,1,1,free,CRM Contacts
Amelia Carter,amelia.carter@digitalfirstco.com,DigitalFirst Co,2026-04-13,107,29,8,starter,Automation Rules
Emma Perez,emma.perez@primescale.com,PrimeScale,2026-03-29,25,4,0,free,Campaign Builder
Akira Martin,akira.martin@digitalfirstco.com,DigitalFirst Co,2026-03-24,80,7,2,pro,A/B Testing
Jayden Adams,jayden.adams@nextgenretail.com,NextGen Retail,2026-03-18,36,21,4,enterprise,Email Templates
Matthew Wang,matthew.wang@velocityio.com,VelocityIO,2026-04-04,61,8,0,starter,Smart Segments
Akira Campbell,akira.campbell@alphaflow.com,AlphaFlow,2026-02-27,16,7,0,free,Email Templates
Raj Martin,raj.martin@digitalfirstco.com,DigitalFirst Co,2025-06-04,2,4,0,free,Analytics Dashboard
Matthew Walker,matthew.walker@pulsepoint.com,PulsePoint,2025-10-21,9,2,0,free,Analytics Dashboard
Leo Yamamoto,leo.yamamoto@innovatecorp.com,InnovateCorp,2026-04-10,40,17,0,starter,Integrations
Min White,min.white@datadrivenllc.com,DataDriven LLC,2025-10-26,15,0,1,free,Automation Rules
Alexander Wilson,alexander.wilson@smartbizsolutions.com,SmartBiz Solutions,2026-04-13,189,30,6,enterprise,Automation Rules
Sebastian Martinez,sebastian.martinez@coremetrics.com,CoreMetrics,2026-04-14,97,49,10,pro,CRM Contacts
Zoey Miller,zoey.miller@digitalfirstco.com,DigitalFirst Co,2025-12-23,12,5,0,starter,Email Templates
Sofia Johnson,sofia.johnson@brightpath.com,Brightpath,2025-11-13,3,4,1,free,Smart Segments
Hassan Miller,hassan.miller@growthco.com,GrowthCo,2026-03-13,7,1,1,free,Analytics Dashboard
Gabriel King,gabriel.king@nextgenretail.com,NextGen Retail,2025-06-30,1,5,0,free,AI Assistant
Daniel Young,daniel.young@alphaflow.com,AlphaFlow,2026-04-04,25,11,2,starter,Email Templates
Mei Tanaka,mei.tanaka@innovatecorp.com,InnovateCorp,2026-04-16,187,15,5,pro,Analytics Dashboard
Carlos Sanchez,carlos.sanchez@catalysthq.com,Catalyst HQ,2026-04-14,53,17,0,pro,A/B Testing
Liam Kim,liam.kim@blueskyanalytics.com,BlueSky Analytics,2026-03-25,27,25,0,pro,Email Templates
Luke Jackson,luke.jackson@summitdigital.com,Summit Digital,2026-04-10,142,36,2,pro,AI Assistant
Amelia Allen,amelia.allen@primescale.com,PrimeScale,2026-04-10,134,41,7,pro,AI Assistant
Sana Sanchez,sana.sanchez@smartbizsolutions.com,SmartBiz Solutions,2025-08-02,4,0,1,free,Email Templates
Harper Wilson,harper.wilson@nextgenretail.com,NextGen Retail,2026-04-11,167,47,7,enterprise,CRM Contacts
Daniel Roberts,daniel.roberts@nextgenretail.com,NextGen Retail,2026-01-29,5,4,1,free,AI Assistant
Avery White,avery.white@primescale.com,PrimeScale,2026-03-31,22,5,3,starter,A/B Testing
Wei Miller,wei.miller@summitdigital.com,Summit Digital,2026-03-26,24,12,3,enterprise,CRM Contacts
Noah Hall,noah.hall@swiftops.com,SwiftOps,2026-03-26,19,7,1,free,Reports
Ella Nelson,ella.nelson@techstartinc.com,TechStart Inc,2025-08-12,15,0,0,free,Automation Rules
James Campbell,james.campbell@datadrivenllc.com,DataDriven LLC,2026-04-06,75,11,3,pro,Automation Rules
Ahmed Li,ahmed.li@datadrivenllc.com,DataDriven LLC,2026-04-14,76,5,2,starter,Reports
Leila Ivanov,leila.ivanov@blueskyanalytics.com,BlueSky Analytics,2026-04-12,42,17,3,starter,Integrations
Min Clark,min.clark@techstartinc.com,TechStart Inc,2025-11-18,1,1,1,free,A/B Testing
Riley Hill,riley.hill@swiftops.com,SwiftOps,2026-04-12,71,15,1,pro,Analytics Dashboard
Scarlett Carter,scarlett.carter@growthco.com,GrowthCo,2026-04-14,159,27,8,pro,Analytics Dashboard
Dmitri Johnson,dmitri.johnson@smartbizsolutions.com,SmartBiz Solutions,2026-03-20,24,10,1,free,Integrations
Avery Young,avery.young@innovatecorp.com,InnovateCorp,2025-07-03,7,5,0,free,A/B Testing
Leo Kim,leo.kim@summitdigital.com,Summit Digital,2026-04-13,175,32,10,pro,Analytics Dashboard
Mia Tanaka,mia.tanaka@nextgenretail.com,NextGen Retail,2025-11-14,7,4,0,free,Campaign Builder
Ella Johnson,ella.johnson@zenithtech.com,ZenithTech,2026-03-29,50,19,0,starter,Email Templates
Priya Hernandez,priya.hernandez@summitdigital.com,Summit Digital,2025-06-07,0,4,0,free,Smart Segments
Emma Martinez,emma.martinez@zenithtech.com,ZenithTech,2026-02-12,6,6,1,starter,Campaign Builder
Raj Singh,raj.singh@alphaflow.com,AlphaFlow,2026-04-02,31,18,2,pro,Smart Segments
Dylan Thompson,dylan.thompson@coremetrics.com,CoreMetrics,2026-01-20,4,2,1,pro,Automation Rules
Aiden Hill,aiden.hill@innovatecorp.com,InnovateCorp,2026-04-16,98,19,9,starter,Reports
Aiden Thompson,aiden.thompson@alphaflow.com,AlphaFlow,2026-01-31,17,7,0,free,Campaign Builder
Benjamin Kim,benjamin.kim@swiftops.com,SwiftOps,2025-12-19,3,0,0,free,Integrations
William Walker,william.walker@catalysthq.com,Catalyst HQ,2026-04-12,54,15,0,starter,Integrations
Olivia Harris,olivia.harris1@techstartinc.com,TechStart Inc,2025-09-19,0,1,1,starter,Email Templates
Ryan Chen,ryan.chen@blueskyanalytics.com,BlueSky Analytics,2026-03-21,44,6,4,starter,Analytics Dashboard
Charlotte Roberts,charlotte.roberts@alphaflow.com,AlphaFlow,2025-05-19,14,0,0,free,Campaign Builder
Katya Green,katya.green@brightpath.com,Brightpath,2026-04-14,138,56,2,pro,Email Templates
Akira Allen,akira.allen@smartbizsolutions.com,SmartBiz Solutions,2026-01-24,25,10,1,starter,Analytics Dashboard
Sofia Singh,sofia.singh@innovatecorp.com,InnovateCorp,2026-03-07,6,5,1,pro,A/B Testing
Lucas Hill,lucas.hill@alphaflow.com,AlphaFlow,2026-01-23,17,10,1,free,Reports
Min Garcia,min.garcia@datadrivenllc.com,DataDriven LLC,2026-01-26,21,1,1,free,Smart Segments
Aiden Lewis,aiden.lewis@datadrivenllc.com,DataDriven LLC,2025-08-30,4,3,0,free,Email Templates
Chen Garcia,chen.garcia@alphaflow.com,AlphaFlow,2025-12-16,14,3,0,free,Email Templates
Matthew Johnson,matthew.johnson@zenithtech.com,ZenithTech,2025-11-06,15,3,0,free,Analytics Dashboard
Lucas Johnson,lucas.johnson@innovatecorp.com,InnovateCorp,2026-02-23,25,3,1,free,AI Assistant
Victoria Jones,victoria.jones@brightpath.com,Brightpath,2026-03-17,20,1,0,pro,CRM Contacts
Ryan Scott,ryan.scott@techstartinc.com,TechStart Inc,2025-05-09,12,4,0,free,Smart Segments
Aria Taylor,aria.taylor@primescale.com,PrimeScale,2026-03-14,4,2,0,starter,Automation Rules
Lily Wright,lily.wright@digitalfirstco.com,DigitalFirst Co,2026-04-05,33,17,4,pro,Email Templates
Gabriel Lewis,gabriel.lewis@cloudpeak.com,CloudPeak,2026-04-09,46,13,2,pro,Smart Segments
Katya Williams,katya.williams@catalysthq.com,Catalyst HQ,2026-04-07,51,22,4,starter,Smart Segments
Ava Allen,ava.allen@cloudpeak.com,CloudPeak,2026-01-12,8,3,0,free,A/B Testing
Dylan Jones,dylan.jones@alphaflow.com,AlphaFlow,2026-04-09,131,30,2,pro,Smart Segments
Benjamin Jones,benjamin.jones@brightpath.com,Brightpath,2025-12-02,15,4,1,free,Smart Segments
Avery Lewis,avery.lewis@zenithtech.com,ZenithTech,2026-01-31,10,5,1,free,Campaign Builder
Charlotte Mitchell,charlotte.mitchell@nextgenretail.com,NextGen Retail,2026-04-09,147,31,10,starter,AI Assistant
Charlotte Ivanov,charlotte.ivanov@techstartinc.com,TechStart Inc,2026-02-09,15,1,1,free,Campaign Builder
Leila Lee,leila.lee@velocityio.com,VelocityIO,2026-03-17,56,11,2,starter,Analytics Dashboard
Mia White,mia.white@primescale.com,PrimeScale,2026-04-09,177,56,4,pro,Integrations
Leila Baker,leila.baker@alphaflow.com,AlphaFlow,2026-03-26,37,9,3,starter,Automation Rules
Carlos Allen,carlos.allen@techstartinc.com,TechStart Inc,2026-02-10,7,1,0,free,CRM Contacts
Evelyn Lee,evelyn.lee@pulsepoint.com,PulsePoint,2025-06-06,12,1,1,free,Smart Segments
Avery Baker,avery.baker@smartbizsolutions.com,SmartBiz Solutions,2026-03-25,51,20,4,pro,Integrations
Chen Wright,chen.wright@coremetrics.com,CoreMetrics,2026-03-18,58,9,1,free,Analytics Dashboard
Ivan Harris,ivan.harris@digitalfirstco.com,DigitalFirst Co,2026-04-14,64,35,8,pro,Smart Segments
Aria Clark,aria.clark@smartbizsolutions.com,SmartBiz Solutions,2026-02-12,21,10,1,free,Email Templates
Sophia Young,sophia.young@alphaflow.com,AlphaFlow,2026-01-18,5,1,0,free,A/B Testing
Matthew Yamamoto,matthew.yamamoto@innovatecorp.com,InnovateCorp,2025-08-07,5,4,0,pro,A/B Testing
Jayden Moore,jayden.moore@blueskyanalytics.com,BlueSky Analytics,2025-04-19,5,1,1,free,AI Assistant
Aria Jones,aria.jones@alphaflow.com,AlphaFlow,2026-04-10,144,17,6,pro,AI Assistant
Sofia Roberts,sofia.roberts@growthco.com,GrowthCo,2026-04-09,165,29,3,starter,CRM Contacts
William Robinson,william.robinson@growthco.com,GrowthCo,2026-03-24,20,9,1,free,CRM Contacts
Wei Nguyen,wei.nguyen@zenithtech.com,ZenithTech,2025-05-18,14,2,0,free,A/B Testing
Matthew Thomas,matthew.thomas@innovatecorp.com,InnovateCorp,2025-07-13,9,4,1,starter,Campaign Builder
Caleb Thompson,caleb.thompson@digitalfirstco.com,DigitalFirst Co,2025-05-23,10,0,1,starter,AI Assistant
Chloe Hill,chloe.hill@blueskyanalytics.com,BlueSky Analytics,2026-03-26,42,7,1,pro,A/B Testing
Avery Petrov,avery.petrov@primescale.com,PrimeScale,2026-03-20,74,19,3,pro,Smart Segments
Isabella Thomas,isabella.thomas@pulsepoint.com,PulsePoint,2025-05-06,14,4,1,free,Campaign Builder
Lily Baker,lily.baker@alphaflow.com,AlphaFlow,2025-05-28,11,2,0,starter,Email Templates
Scarlett Tanaka,scarlett.tanaka@velocityio.com,VelocityIO,2026-04-09,110,42,3,pro,AI Assistant
Emily Scott,emily.scott@coremetrics.com,CoreMetrics,2026-01-23,17,9,1,free,Reports
Grace Kim,grace.kim@meridianlabs.com,Meridian Labs,2026-03-25,76,24,3,free,Integrations
Amelia Sato,amelia.sato@coremetrics.com,CoreMetrics,2026-01-06,6,2,1,free,Smart Segments
Victoria Baker,victoria.baker@growthco.com,GrowthCo,2025-09-04,6,4,0,free,Smart Segments
Scarlett Williams,scarlett.williams@meridianlabs.com,Meridian Labs,2026-03-17,50,9,3,starter,Analytics Dashboard
Raj Carter,raj.carter@pulsepoint.com,PulsePoint,2026-02-06,13,1,0,pro,Integrations
Mei Ivanov,mei.ivanov@velocityio.com,VelocityIO,2025-11-21,11,4,1,free,Email Templates
Rosa Ivanov,rosa.ivanov@nextgenretail.com,NextGen Retail,2026-04-07,17,15,1,pro,CRM Contacts
Evelyn Tanaka,evelyn.tanaka@primescale.com,PrimeScale,2026-03-29,21,7,0,free,Reports
Jack Tanaka,jack.tanaka@datadrivenllc.com,DataDriven LLC,2026-04-13,107,48,4,pro,Integrations
Priya Rodriguez,priya.rodriguez@summitdigital.com,Summit Digital,2026-02-12,24,7,1,starter,CRM Contacts
Gabriel Brown,gabriel.brown@techstartinc.com,TechStart Inc,2026-03-20,63,14,2,starter,Automation Rules
Ella Das,ella.das@swiftops.com,SwiftOps,2026-03-25,78,21,0,starter,CRM Contacts
Ella Tanaka,ella.tanaka@innovatecorp.com,InnovateCorp,2026-04-11,189,59,5,pro,AI Assistant
Henry Das,henry.das@brightpath.com,Brightpath,2026-04-13,109,59,6,pro,AI Assistant
Amelia King,amelia.king@digitalfirstco.com,DigitalFirst Co,2026-04-14,170,26,5,free,AI Assistant
Luke Walker,luke.walker@growthco.com,GrowthCo,2026-01-27,25,4,1,starter,Automation Rules
Wei Jackson,wei.jackson@digitalfirstco.com,DigitalFirst Co,2026-02-28,15,3,0,free,A/B Testing
Aiden Jones,aiden.jones@velocityio.com,VelocityIO,2026-03-09,17,5,1,starter,A/B Testing
Leila Campbell,leila.campbell@zenithtech.com,ZenithTech,2026-03-23,23,21,1,pro,Analytics Dashboard
Riley Thomas,riley.thomas@coremetrics.com,CoreMetrics,2026-04-16,126,39,5,starter,A/B Testing
Lucas Lee,lucas.lee@velocityio.com,VelocityIO,2025-05-15,1,4,0,free,AI Assistant
Daniel Lopez,daniel.lopez@innovatecorp.com,InnovateCorp,2026-04-13,59,5,2,starter,Integrations
Avery Adams,avery.adams@smartbizsolutions.com,SmartBiz Solutions,2025-09-01,6,5,1,free,Smart Segments
Leila Shah,leila.shah@techstartinc.com,TechStart Inc,2026-03-05,25,9,0,starter,Reports
Wei Smith,wei.smith@pulsepoint.com,PulsePoint,2025-05-28,15,0,0,free,CRM Contacts
Akira Lewis,akira.lewis@smartbizsolutions.com,SmartBiz Solutions,2026-02-01,9,6,1,free,Email Templates
Sana Scott,sana.scott@catalysthq.com,Catalyst HQ,2025-12-27,4,3,0,free,Analytics Dashboard
Sebastian Scott,sebastian.scott@growthco.com,GrowthCo,2025-12-09,5,4,1,free,Reports
Chloe Kumar,chloe.kumar@catalysthq.com,Catalyst HQ,2026-03-10,12,2,1,free,Smart Segments
Jayden Taylor,jayden.taylor@swiftops.com,SwiftOps,2025-05-23,9,2,1,free,Reports
Owen Das,owen.das@digitalfirstco.com,DigitalFirst Co,2026-03-09,13,2,0,pro,Campaign Builder
Liam Johnson,liam.johnson@pulsepoint.com,PulsePoint,2026-04-10,104,39,9,starter,CRM Contacts
Wei Rivera,wei.rivera@growthco.com,GrowthCo,2026-02-07,14,7,0,free,A/B Testing
Ivan Wang,ivan.wang@coremetrics.com,CoreMetrics,2026-03-19,60,18,3,starter,AI Assistant
Charlotte Baker,charlotte.baker@meridianlabs.com,Meridian Labs,2026-03-21,24,9,2,free,Integrations
Benjamin Lee,benjamin.lee@alphaflow.com,AlphaFlow,2025-06-03,9,1,0,starter,Integrations
Emma Smith,emma.smith@zenithtech.com,ZenithTech,2026-01-31,25,4,1,pro,Email Templates
Ethan Hall,ethan.hall@datadrivenllc.com,DataDriven LLC,2026-03-28,4,3,0,starter,Automation Rules
Grace Ivanov,grace.ivanov@growthco.com,GrowthCo,2025-06-02,7,2,0,free,Email Templates
Abigail Williams,abigail.williams@innovatecorp.com,InnovateCorp,2025-06-09,0,0,1,starter,CRM Contacts
Evelyn Thomas,evelyn.thomas@growthco.com,GrowthCo,2025-10-06,3,5,0,free,Campaign Builder
Carlos Green,carlos.green@cloudpeak.com,CloudPeak,2026-04-05,51,9,2,free,Campaign Builder
Carlos Brown,carlos.brown@zenithtech.com,ZenithTech,2026-01-19,18,1,1,free,Automation Rules
Henry Singh,henry.singh@cloudpeak.com,CloudPeak,2026-04-14,18,6,4,starter,Analytics Dashboard
Katya Garcia,katya.garcia@zenithtech.com,ZenithTech,2026-03-21,54,11,4,pro,Automation Rules
Daniel Smith,daniel.smith@innovatecorp.com,InnovateCorp,2026-03-25,31,10,1,pro,AI Assistant
Sofia Yamamoto,sofia.yamamoto@innovatecorp.com,InnovateCorp,2026-03-16,11,6,1,free,Reports
Matthew Anderson,matthew.anderson@nextgenretail.com,NextGen Retail,2025-12-18,3,3,1,free,CRM Contacts
Ryan Jones,ryan.jones@growthco.com,GrowthCo,2025-07-03,8,4,0,free,Integrations
Mia Anderson,mia.anderson@coremetrics.com,CoreMetrics,2026-04-13,189,21,2,enterprise,Email Templates
Jack King,jack.king@pulsepoint.com,PulsePoint,2026-02-13,24,7,0,free,A/B Testing
Ryan Shah,ryan.shah@swiftops.com,SwiftOps,2026-04-12,68,20,2,pro,AI Assistant
Emily Perez,emily.perez@summitdigital.com,Summit Digital,2026-03-24,22,13,3,enterprise,Analytics Dashboard
Aisha Wang,aisha.wang@swiftops.com,SwiftOps,2025-07-05,3,0,0,free,CRM Contacts
Ethan Tanaka,ethan.tanaka@techstartinc.com,TechStart Inc,2025-11-03,14,3,1,free,Campaign Builder
Evelyn Singh,evelyn.singh@catalysthq.com,Catalyst HQ,2026-03-16,25,4,0,pro,Automation Rules
Omar Tanaka,omar.tanaka@smartbizsolutions.com,SmartBiz Solutions,2026-04-13,19,5,4,starter,Campaign Builder
Nathan Carter,nathan.carter@growthco.com,GrowthCo,2025-12-30,11,4,1,free,Reports
